genus_taxid,genus_name,n_samples_present,pct_samples_present
32630,synthetic construct,437,100.0
561,Escherichia,415,94.9657
673534,Plantactinospora,399,91.3043
1883,Streptomyces,362,82.8375
32008,Burkholderia,336,76.8879
286,Pseudomonas,317,72.54
1912216,Cutibacterium,316,72.3112
1279,Staphylococcus,264,60.4119
1716,Corynebacterium,260,59.4966
469,Acinetobacter,231,52.8604
48736,Ralstonia,226,51.7162
570,Klebsiella,223,51.0297
1763,Mycobacterium,221,50.5721
338,Xanthomonas,218,49.8856
55193,Malassezia,218,49.8856
374,Bradyrhizobium,215,49.1991
1301,Streptococcus,206,47.1396
13687,Sphingomonas,192,43.9359
1827,Rhodococcus,178,40.7323
40323,Stenotrophomonas,170,38.9016
2034,Curtobacterium,168,38.4439
68,Lysobacter,166,37.9863
265,Paracoccus,165,37.7574
1386,Bacillus,165,37.7574
475,Moraxella,163,37.2998
1269,Micrococcus,160,36.6133
407,Methylobacterium,158,36.1556
33882,Microbacterium,158,36.1556
724,Haemophilus,153,35.0114
1654,Actinomyces,153,35.0114
1839,Nocardioides,150,34.3249
106589,Cupriavidus,147,33.6384
234,Brucella,147,33.6384
32207,Rothia,147,33.6384
517,Bordetella,146,33.4096
47420,Hydrogenophaga,144,32.9519
41275,Brevundimonas,143,32.7231
1357,Lactococcus,142,32.4943
547,Enterobacter,141,32.2654
12916,Acidovorax,136,31.1213
642,Aeromonas,133,30.4348
57493,Kocuria,133,30.4348
1822464,Paraburkholderia,131,29.9771
482,Neisseria,131,29.9771
68287,Mesorhizobium,131,29.9771
34072,Variovorax,130,29.7483
662,Vibrio,128,29.2906
2979332,Prescottella,128,29.2906
196013,Caldimonas,126,28.833
1866885,Mycolicibacterium,124,28.3753
635,Edwardsiella,123,28.1465
165695,Sphingobium,123,28.1465
1350,Enterococcus,123,28.1465
1578,Lactobacillus,123,28.1465
283,Comamonas,121,27.6888
1988,Actinomadura,120,27.46
89966,Hymenobacter,120,27.46
590,Salmonella,119,27.2311
1707,Cellulomonas,117,26.7735
237,Flavobacterium,116,26.5446
1298,Deinococcus,115,26.3158
1485,Clostridium,114,26.087
1073,Rhodopseudomonas,113,25.8581
379,Rhizobium,113,25.8581
1663,Arthrobacter,113,25.8581
909656,Phocaeicola,113,25.8581
149698,Massilia,112,25.6293
165696,Novosphingobium,112,25.6293
93217,Pandoraea,111,25.4005
1678,Bifidobacterium,111,25.4005
75,Caulobacter,110,25.1716
2282523,Methylorubrum,108,24.714
44249,Paenibacillus,108,24.714
5800,Eimeria,108,24.714
59732,Chryseobacterium,106,24.2563
838,Prevotella,104,23.7986
222,Achromobacter,103,23.5698
1873,Micromonospora,103,23.5698
2767358,Mycoplasmopsis,102,23.341
963,Herbaspirillum,102,23.341
336809,Candidatus Karelsulcia,102,23.341
125216,Roseomonas,101,23.1121
165697,Sphingopyxis,100,22.8833
1573,Clavibacter,100,22.8833
2013,Nocardiopsis,100,22.8833
501783,Cloacibacterium,100,22.8833
5806,Cryptosporidium,100,22.8833
80865,Delftia,99,22.6545
1696,Brevibacterium,99,22.6545
2053,Gordonia,98,22.4256
1378,Gemella,98,22.4256
2745,Halomonas,96,21.968
33877,Agromyces,96,21.968
29465,Veillonella,96,21.968
357,Agrobacterium,95,21.7391
2529408,Schaalia,94,21.5103
670516,Mycobacteroides,93,21.2815
43668,Brachybacterium,93,21.2815
114185,Candidatus Carsonella,93,21.2815
2901164,Stutzerimonas,92,21.0526
83618,Pseudoxanthomonas,92,21.0526
958,Bdellovibrio,92,21.0526
85413,Bosea,90,20.595
120831,Dyadobacter,89,20.3661
194,Campylobacter,89,20.3661
2767842,Lactiplantibacillus,88,20.1373
29832,Hanseniaspora,88,20.1373
53335,Pantoea,87,19.9085
2782229,Epilithonimonas,87,19.9085
20,Phenylobacterium,86,19.6796
1817,Nocardia,86,19.6796
1847,Pseudonocardia,86,19.6796
1827195,Caballeronia,85,19.4508
2759736,Lacticaseibacillus,85,19.4508
1982251,Pahexavirus,85,19.4508
150022,Finegoldia,85,19.4508
238749,Diaphorobacter,84,19.222
5754,Acanthamoeba,83,18.9931
366614,Haematobacter,83,18.9931
1041,Erythrobacter,81,18.5355
32067,Leptotrichia,81,18.5355
544,Citrobacter,80,18.3066
28105,Sinorhizobium,80,18.3066
1847725,Lawsonella,79,18.0778
848,Fusobacterium,79,18.0778
5690,Trypanosoma,79,18.0778
1865,Actinoplanes,77,17.6201
204037,Dickeya,76,17.3913
1813,Amycolatopsis,76,17.3913
39643,Sorangium,75,17.1625
323620,Shinella,75,17.1625
33886,Rathayibacter,75,17.1625
32199,Buchnera,75,17.1625
28065,Rhodoferax,74,16.9336
414371,Aureimonas,74,16.9336
191,Azospirillum,74,16.9336
117563,Granulicatella,74,16.9336
209,Helicobacter,72,16.476
5052,Aspergillus,72,16.476
47670,Lautropia,72,16.476
174951,Ramlibacter,72,16.476
29580,Janthinobacterium,72,16.476
99,Ancylobacter,72,16.476
816,Bacteroides,72,16.476
337004,Microcella,71,16.2471
2801844,Arachnia,71,16.2471
1522432,Pseudoduganella,70,16.0183
186650,Microvirga,70,16.0183
46913,Devosia,70,16.0183
1742993,Pseudarthrobacter,70,16.0183
83614,Luteimonas,69,15.7895
57495,Dermacoccus,68,15.5606
1129,Synechococcus,68,15.5606
141948,Thermomonas,67,15.3318
1111,Porphyrobacter,67,15.3318
53457,Janibacter,67,15.3318
1243,Leuconostoc,67,15.3318
165779,Anaerococcus,67,15.3318
157,Treponema,67,15.3318
497,Psychrobacter,66,15.103
55968,Leucobacter,65,14.8741
125287,Ornithinimicrobium,65,14.8741
10319,Varicellovirus,65,14.8741
953,Wolbachia,65,14.8741
5552,Trichosporon,65,14.8741
2923352,Mesomycoplasma,64,14.6453
318147,Paucibacter,63,14.4165
846,Oxalobacter,63,14.4165
1649486,Rhizorhabdus,63,14.4165
1855416,Qipengyuania,63,14.4165
1060,Rhodobacter,63,14.4165
270,Thermus,63,14.4165
1295327,Croceicoccus,62,14.1876
2767885,Latilactobacillus,62,14.1876
59734,Empedobacter,62,14.1876
34102,Sphaerotilus,61,13.9588
361177,Altererythrobacter,61,13.9588
162289,Peptoniphilus,61,13.9588
1016,Capnocytophaga,61,13.9588
391952,Aquincola,60,13.73
12960,Azoarcus,60,13.73
31988,Aminobacter,60,13.73
1743,Propionibacterium,60,13.73
1375,Aerococcus,60,13.73
28453,Sphingobacterium,60,13.73
2132,Spiroplasma,60,13.73
231454,Dyella,59,13.5011
1653176,Cereibacter,59,13.5011
169133,Citricoccus,59,13.5011
72763,Tessaracoccus,59,13.5011
53460,Nakamurella,59,13.5011
219181,Ottowia,58,13.2723
33057,Thauera,58,13.2723
613,Serratia,58,13.2723
76634,Mycetocola,58,13.2723
367298,Phycicoccus,58,13.2723
2040,Aeromicrobium,58,13.2723
423349,Mucilaginibacter,58,13.2723
75309,Rhodanobacter,57,13.0435
29404,Microlunatus,57,13.0435
107,Spirosoma,57,13.0435
33986,Exiguobacterium,57,13.0435
201096,Alicycliphilus,56,12.8146
114248,Tepidimonas,56,12.8146
551,Erwinia,56,12.8146
22,Shewanella,56,12.8146
227290,Rhizobium/Agrobacterium group,56,12.8146
1742989,Glutamicibacter,56,12.8146
52972,Polaromonas,55,12.5858
665874,Limnohabitans,55,12.5858
316612,Methylibium,55,12.5858
212744,Rugamonas,55,12.5858
293088,Martelella,55,12.5858
1632780,Phreatobacter,55,12.5858
335405,Sphingosinicella,55,12.5858
83681,Nonomuraea,55,12.5858
1648491,Aquihabitans,55,12.5858
836,Porphyromonas,55,12.5858
364316,Verminephrobacter,54,12.357
2818469,Fuscovulum,54,12.357
37914,Dietzia,54,12.357
110932,Leifsonia,54,12.357
2063,Kitasatospora,54,12.357
1835,Saccharopolyspora,54,12.357
88138,Modestobacter,54,12.357
161492,Anaeromyxobacter,54,12.357
2035811,Pseudodesulfovibrio,54,12.357
34098,Blattabacterium,54,12.357
38501,Blastococcus,53,12.1281
2651583,Geomonas,53,12.1281
44013,Polynucleobacter,53,12.1281
2680004,Protaetiibacter,52,11.8993
65047,Mitsuaria,52,11.8993
1114981,Piscinibacter,52,11.8993
146937,Azospira,52,11.8993
2742,Marinobacter,52,11.8993
242605,Luteibacter,52,11.8993
28209,Chelatococcus,52,11.8993
1742992,Paenarthrobacter,52,11.8993
46123,Abiotrophia,52,11.8993
279,Xanthobacter,51,11.6705
2060,Tsukamurella,51,11.6705
265976,Serinicoccus,51,11.6705
2600304,Baekduia,51,11.6705
2782231,Kaistella,51,11.6705
2807415,Urbifossiella,51,11.6705
81,Hyphomicrobium,50,11.4416
2071,Saccharothrix,50,11.4416
84567,Pedobacter,50,11.4416
445,Legionella,50,11.4416
2004797,Luteitalea,50,11.4416
2935559,Allomeiothermus,49,11.2128
683756,Kinneretia,49,11.2128
202907,Collimonas,49,11.2128
263377,Salipiger,49,11.2128
13134,Magnetospirillum,49,11.2128
46352,Agrococcus,49,11.2128
2044,Pimelobacter,49,11.2128
4930,Saccharomyces,49,11.2128
2676233,Sphingosinithalassobacter,49,11.2128
1649468,Melaminivora,48,10.984
3051137,Paracidovorax,48,10.984
34069,Telluria,48,10.984
106591,Ensifer,48,10.984
235888,Salinibacterium,48,10.984
154116,Georgenia,48,10.984
57499,Kytococcus,48,10.984
2692118,Winkia,48,10.984
29393,Dolosigranulum,48,10.984
2974257,Hoylesella,48,10.984
472825,Candidatus Purcelliella,48,10.984
2093,Mycoplasma,48,10.984
416916,Aggregatibacter,48,10.984
92793,Aquabacterium,47,10.7551
152267,Pigmentiphaga,47,10.7551
1033,Afipia,47,10.7551
29407,Rhodoplanes,47,10.7551
182639,Kribbella,47,10.7551
543311,Parvimonas,47,10.7551
1177,Nostoc,47,10.7551
10294,Simplexvirus,47,10.7551
2800686,Tsuneonella,47,10.7551
190323,Plantibacter,46,10.5263
4783,Phytophthora,46,10.5263
2060084,Pandoravirus,46,10.5263
133925,Olsenella,46,10.5263
620,Shigella,46,10.5263
1129544,Rhizophagus,45,10.2975
3051138,Paenacidovorax,45,10.2975
36862,Ideonella,45,10.2975
507,Alcaligenes,45,10.2975
352,Azotobacter,45,10.2975
1335745,Spiribacter,45,10.2975
227873,Pannonibacter,45,10.2975
212791,Enhydrobacter,45,10.2975
60136,Sulfitobacter,45,10.2975
43356,Kutzneria,45,10.2975
1055688,Sandaracinus,45,10.2975
32257,Kingella,45,10.2975
1073531,Mycolicibacter,45,10.2975
5296,Puccinia,45,10.2975
467975,Iamia,45,10.2975
73029,Dechloromonas,44,10.0686
28067,Rubrivivax,44,10.0686
535,Chromobacterium,44,10.0686
85076,Marichromatium,44,10.0686
2911176,Aquibium,44,10.0686
28100,Phyllobacterium,44,10.0686
133,Methylocystis,44,10.0686
191028,Leisingera,44,10.0686
96492,Frigoribacterium,44,10.0686
2800373,Priestia,44,10.0686
1164882,Lachnoanaerobaculum,44,10.0686
118,Planctomyces,44,10.0686
77566,Hepatocystis,44,10.0686
88,Leptothrix,43,9.8398
54066,Xylophilus,43,9.8398
75654,Duganella,43,9.8398
378210,Methyloversatilis,43,9.8398
773,Bartonella,43,9.8398
2083206,Tritonibacter,43,9.8398
69578,Cryobacterium,43,9.8398
53246,Pseudoalteromonas,42,9.611
74030,Roseovarius,42,9.611
157920,Cellulosimicrobium,42,9.611
254250,Isoptericola,42,9.611
60919,Sanguibacter,42,9.611
1085622,Propioniciclava,42,9.611
1912215,Acidipropionibacterium,42,9.611
191494,Conexibacter,42,9.611
195950,Tannerella,42,9.611
55,Polyangium,42,9.611
5543,Trichoderma,42,9.611
93681,Roseateles,41,9.3822
212743,Rhizobacter,41,9.3822
581,Morganella,41,9.3822
1525371,Neorhizobium,41,9.3822
188905,Jannaschia,41,9.3822
1081,Rhodospirillum,41,9.3822
2768684,Terricaulis,41,9.3822
447237,Frondihabitans,41,9.3822
626119,Ruania,41,9.3822
150247,Anoxybacillus,41,9.3822
65551,Meiothermus,41,9.3822
572511,Blautia,41,9.3822
5506,Fusarium,41,9.3822
2682228,Tepidiforma,41,9.3822
2901189,Halopseudomonas,40,9.1533
413,Methylococcus,40,9.1533
152053,Starkeya,40,9.1533
150830,Roseibium,40,9.1533
59282,Blastochloris,40,9.1533
2683599,Paroceanicella,40,9.1533
204447,Skermanella,40,9.1533
256818,Gulosibacter,40,9.1533
2843200,Miltoncostaea,40,9.1533
79328,Chitinophaga,40,9.1533
629,Yersinia,40,9.1533
5475,Candida,40,9.1533
586,Providencia,40,9.1533
93682,Roseivivax,39,8.9245
2705399,Hypericibacter,39,8.9245
35753,Dactylosporangium,39,8.9245
390988,Actinocatenispora,39,8.9245
414878,Catenulispora,39,8.9245
1706036,Gemmatirosa,39,8.9245
53,Nannocystis,39,8.9245
1302410,Candidatus Annandia,39,8.9245
4778,Bremia,39,8.9245
99157,Hammondia,38,8.6957
1597779,Eleftheria,38,8.6957
106633,Thioalkalivibrio,38,8.6957
2041902,Chenggangzhangella,38,8.6957
186188,Xylanimonas,38,8.6957
970,Selenomonas,38,8.6957
32,Myxococcus,38,8.6957
911,Nitrobacter,38,8.6957
1623305,Skunavirus,38,8.6957
583,Proteus,38,8.6957
332951,Halovivax,38,8.6957
240411,Chitinimonas,37,8.4668
2895353,Massilia group,37,8.4668
551759,Aromatoleum,37,8.4668
1395974,Tardiphaga,37,8.4668
425,Methylosinus,37,8.4668
1637,Listeria,37,8.4668
308865,Elizabethkingia,37,8.4668
2676247,Aquirufa,37,8.4668
113,Gemmata,37,8.4668
2172,Methanobrevibacter,37,8.4668
203903,Hemileia,37,8.4668
5820,Plasmodium,37,8.4668
556257,Pseudolabrys,37,8.4668
1158,Oscillatoria,37,8.4668
885864,Jeongeupia,37,8.4668
67575,Rheinheimera,36,8.238
2717,Cardiobacterium,36,8.238
204456,Gemmobacter,36,8.238
34008,Rhodovulum,36,8.238
2040262,Allobranchiibius,36,8.238
116071,Micropruina,36,8.238
1860,Geodermatophilus,36,8.238
1854,Frankia,36,8.238
129337,Geobacillus,36,8.238
36739,Dermabacter,36,8.238
216851,Faecalibacterium,36,8.238
1036719,Verticillium,36,8.238
1921582,Orrella,35,8.0092
245876,Nitratireductor,35,8.0092
434,Acetobacter,35,8.0092
1434010,Jatrophihabitans,35,8.0092
2789775,Actinomarinicola,35,8.0092
2782232,Chryseobacterium group,35,8.0092
2755,Brochothrix,35,8.0092
40,Stigmatella,35,8.0092
2420,Thermosipho,35,8.0092
2571159,Mycetohabitans,35,8.0092
622681,Candidatus Planktophila,35,8.0092
2803845,Usitatibacter,35,8.0092
2827482,Caenibius,35,8.0092
1234,Nitrospira,35,8.0092
5758,Entamoeba,34,7.7803
352450,Simplicispira,34,7.7803
2490452,Serpentinimonas,34,7.7803
3050898,Sulfuricystis,34,7.7803
204476,Labrys,34,7.7803
1734920,Pseudorhodoplanes,34,7.7803
1508451,Polymorphobacter,34,7.7803
504465,Rhodovastum,34,7.7803
228398,Streptacidiphilus,34,7.7803
1276290,Caldibacillus,34,7.7803
52959,Polaribacter,34,7.7803
47,Archangium,34,7.7803
2948942,Valbvirus,34,7.7803
558017,Betabaculovirus,34,7.7803
33926,Candidatus Phytoplasma,34,7.7803
1582879,Ezakiella,34,7.7803
131079,Limnobacter,33,7.5515
1778653,Sulfuriferula,33,7.5515
1759331,Cnuibacter,33,7.5515
42255,Rubrobacter,33,7.5515
657,Photobacterium,33,7.5515
2207,Methanosarcina,33,7.5515
1372,Planococcus,32,7.3227
168470,Laribacter,32,7.3227
70411,Frateuria,32,7.3227
2707020,Aerosticca,32,7.3227
2800681,Aurantiacibacter,32,7.3227
991903,Polymorphum,32,7.3227
99479,Tetrasphaera,32,7.3227
2019,Thermomonospora,32,7.3227
2675229,Peribacillus,32,7.3227
2837504,Heyndrickxia,32,7.3227
105,Runella,32,7.3227
239759,Alistipes,32,7.3227
1434046,Sphingorhabdus,32,7.3227
35812,Roseococcus,32,7.3227
83654,Leclercia,32,7.3227
1511635,Aquisphaera,32,7.3227
5073,Penicillium,31,7.0938
2678886,Pulveribacter,31,7.0938
407217,Aquitalea,31,7.0938
416,Methylomonas,31,7.0938
182269,Aurantimonas,31,7.0938
169055,Nordella,31,7.0938
1434002,Falsirhodobacter,31,7.0938
93,Stella,31,7.0938
120212,Subtercola,31,7.0938
56433,Couchioplanes,31,7.0938
165301,Lentzea,31,7.0938
1069494,Trueperella,31,7.0938
33981,Kineococcus,31,7.0938
2758920,Paraconexibacter,31,7.0938
2976759,Capillimicrobium,31,7.0938
2974251,Segatella,31,7.0938
162027,Haliangium,31,7.0938
33196,Botrytis,31,7.0938
42398,Vittaforma,31,7.0938
2803850,Mammaliicoccus,31,7.0938
919,Thiobacillus,30,6.865
2370,Xylella,30,6.865
323413,Dokdonella,30,6.865
1775705,Frigidibacter,30,6.865
2946607,Neotabrizicola,30,6.865
70774,Hydrogenophilus,30,6.865
881616,Herbiconiux,30,6.865
2742598,Limosilactobacillus,30,6.865
5500,Coccidioides,30,6.865
5810,Toxoplasma,30,6.865
1434011,Komagataeibacter,30,6.865
59,Vitreoscilla,29,6.6362
88875,Ferribacterium,29,6.6362
404432,Salinicola,29,6.6362
1443919,Tabrizicola,29,6.6362
2870717,Pseudoroseomonas,29,6.6362
171436,Tistrella,29,6.6362
119977,Acidithiobacillus,29,6.6362
1535207,Barrientosiimonas,29,6.6362
2747,Carnobacterium,29,6.6362
83461,Corallococcus,29,6.6362
2709666,Pseudolysobacter,29,6.6362
122277,Pectobacterium,29,6.6362
48073,Microbulbifer,29,6.6362
1955420,Silicimonas,29,6.6362
457933,Elioraea,29,6.6362
173479,Gemmatimonas,29,6.6362
184462,Hyaloperonospora,29,6.6362
2995704,Peterkaempfera,29,6.6362
34037,Rahnella,29,6.6362
1649510,Variibacter,29,6.6362
5146,Sordaria,29,6.6362
1263,Ruminococcus,29,6.6362
644355,Inhella,28,6.4073
400060,Paludibacterium,28,6.4073
2891294,Nitrogeniibacter,28,6.4073
1769726,Niveibacterium,28,6.4073
1938335,Sulfuritortus,28,6.4073
1897649,Pistricoccus,28,6.4073
42054,Chromohalobacter,28,6.4073
1612611,Pararhizobium,28,6.4073
1904377,Acuticoccus,28,6.4073
1234545,Parasphingopyxis,28,6.4073
2883109,Sandaracinobacteroides,28,6.4073
97050,Ruegeria,28,6.4073
76890,Asticcacaulis,28,6.4073
741759,Tomitella,28,6.4073
1522056,Flaviflexus,28,6.4073
2994363,Pseudofrankia,28,6.4073
1548510,Microbacter,28,6.4073
538,Eikenella,28,6.4073
5260,Melampsora,28,6.4073
285107,Thioclava,28,6.4073
1125,Microcystis,28,6.4073
2843398,Kamchatkavirus,28,6.4073
401469,Undibacterium,27,6.1785
53392,Thiodictyon,27,6.1785
1572860,Hartmannibacter,27,6.1785
2685927,Tardibacter,27,6.1785
1706033,Sediminicoccus,27,6.1785
2804525,Lichenicola,27,6.1785
162491,Oerskovia,27,6.1785
104204,Streptomonospora,27,6.1785
2774146,Frigoriglobus,27,6.1785
940557,Granulicella,27,6.1785
65356,Albugo,27,6.1785
84565,Sodalis,27,6.1785
214906,Histophilus,27,6.1785
56688,Halorubrum,27,6.1785
1649454,Glaciihabitans,27,6.1785
53365,Catellatospora,27,6.1785
682522,Ilumatobacter,27,6.1785
875170,Celeribacter,27,6.1785
375288,Parabacteroides,27,6.1785
204286,Cobetia,26,5.9497
1068,Rhodomicrobium,26,5.9497
1156568,Methylovirgula,26,5.9497
302485,Phaeobacter,26,5.9497
2767887,Ligilactobacillus,26,5.9497
35829,Acetivibrio,26,5.9497
239934,Akkermansia,26,5.9497
1524217,Labilithrix,26,5.9497
2964429,Candida/Metschnikowiaceae,26,5.9497
262,Francisella,26,5.9497
2680018,Rhodophyticola,26,5.9497
388463,Edaphobacter,26,5.9497
28196,Arcobacter,26,5.9497
33071,Gloeobacter,26,5.9497
359407,Methylotenera,26,5.9497
166953,Kaistia,26,5.9497
1070314,Halorussus,26,5.9497
3044698,Cyvirus,26,5.9497
1911577,Oryzomicrobium,25,5.7208
48075,Marinobacterium,25,5.7208
133193,Alkalilimnicola,25,5.7208
85108,Halorhodospira,25,5.7208
1273155,Thiohalobacter,25,5.7208
1934947,Immundisolibacter,25,5.7208
2831955,Pikeienuella,25,5.7208
907364,Phytohabitans,25,5.7208
2000,Streptosporangium,25,5.7208
1569,Sporosarcina,25,5.7208
1344552,Noviherbaspirillum,25,5.7208
449972,Chelativorans,25,5.7208
120652,Methylocella,25,5.7208
2854186,Pseudosulfitobacter,25,5.7208
522,Acidiphilium,25,5.7208
1186,Calothrix,25,5.7208
146865,Pseudoloma,25,5.7208
3026546,Duffyella,25,5.7208
666508,Phycisphaera,25,5.7208
5140,Neurospora,25,5.7208
32012,Thiomonas,24,5.492
305976,Pusillimonas,24,5.492
2891324,Pseudothauera,24,5.492
413496,Cronobacter,24,5.492
1330546,Pluralibacter,24,5.492
1903858,Pseudorhizobium,24,5.492
6,Azorhizobium,24,5.492
599653,Tropicibacter,24,5.492
92944,Ketogulonicigenium,24,5.492
577469,Demequina,24,5.492
83677,Thermobifida,24,5.492
400634,Lysinibacillus,24,5.492
76831,Myroides,24,5.492
2731450,Limnoglobus,24,5.492
58842,Sagittula,24,5.492
85,Hyphomonas,24,5.492
458839,Actinotalea,24,5.492
2701,Gardnerella,24,5.492
5455,Colletotrichum,24,5.492
2732160,Candidatus Prometheoarchaeum,24,5.492
1705353,Aurantimicrobium,24,5.492
441,Gluconobacter,24,5.492
512381,Acidisoma,24,5.492
2709686,Novosphingopyxis,23,5.2632
2800788,Erythrobacter/Porphyrobacter group,23,5.2632
1649457,Homoserinibacter,23,5.2632
53357,Intrasporangium,23,5.2632
2828348,Occultella,23,5.2632
369926,Brooklawnia,23,5.2632
1546255,Mumia,23,5.2632
65496,Actinoalloteichus,23,5.2632
130795,Crossiella,23,5.2632
2837506,Niallia,23,5.2632
29330,Alicyclobacillus,23,5.2632
286104,Winogradskyella,23,5.2632
2691417,Lacipirellula,23,5.2632
43927,Halobaculum,23,5.2632
2184,Methanococcus,23,5.2632
50,Chondromyces,23,5.2632
28231,Geobacter,23,5.2632
83770,Succinivibrio,23,5.2632
267408,Arsenicicoccus,23,5.2632
47251,Leptolyngbya,23,5.2632
171163,Halosimplex,23,5.2632
2050,Mobiluncus,23,5.2632
2995706,Streptantibioticus,23,5.2632
1653174,Actinotignum,23,5.2632
2018044,Candidatus Vallotia,23,5.2632
40544,Sutterella,23,5.2632
2838250,Kaustia,23,5.2632
2676781,Aquisediminimonas,23,5.2632
1844015,Pontivivens,23,5.2632
2299,Desulfosarcina,23,5.2632
1054211,Sulfuritalea,22,5.0343
1330545,Lelliottia,22,5.0343
3020832,Alloalcanivorax,22,5.0343
2034504,Sulfurivermis,22,5.0343
226,Alteromonas,22,5.0343
1082930,Pelagibacterium,22,5.0343
2795377,Pelagovum,22,5.0343
2126281,Mycolicibacillus,22,5.0343
427753,Humibacter,22,5.0343
947525,Miniimonas,22,5.0343
754249,Luteimicrobium,22,5.0343
102106,Collinsella,22,5.0343
1870884,Clostridioides,22,5.0343
518753,Luteolibacter,22,5.0343
2576890,Nibricoccus,22,5.0343
872,Desulfovibrio,22,5.0343
152161,Stappia,22,5.0343
1484898,Methyloceanibacter,22,5.0343
2723776,Lichenihabitans,22,5.0343
665568,Paraoerskovia,22,5.0343
332248,Truepera,22,5.0343
29175,Neospora,22,5.0343
10,Cellvibrio,22,5.0343
1499987,Prymnesium kappa virus,22,5.0343
1330547,Kosakonia,22,5.0343
1676142,Wenzhouxiangella,22,5.0343
472568,Devriesea,22,5.0343
69965,Macrococcus,22,5.0343
160674,Raoultella,22,5.0343
713,Actinobacillus,22,5.0343
1004303,Ferruginibacter,22,5.0343
180252,Mardivirus,22,5.0343
1511809,Betapartitivirus,22,5.0343
34019,Liberibacter,22,5.0343
34084,Riemerella,22,5.0343
359336,Castellaniella,21,4.8055
568394,Pseudogulbenkiania,21,4.8055
376488,Halotalea,21,4.8055
413435,Solimonas,21,4.8055
986106,Acidiferrobacter,21,4.8055
72173,Citromicrobium,21,4.8055
1751296,Sinirhodobacter,21,4.8055
238783,Pseudorhodobacter,21,4.8055
1649466,Marinicauda,21,4.8055
1434022,Naasia,21,4.8055
1230698,Marisediminicola,21,4.8055
1911549,Raineyella,21,4.8055
142577,Prauserella,21,4.8055
2994361,Protofrankia,21,4.8055
1047167,Zymoseptoria,21,4.8055
180541,Salinisphaera,21,4.8055
1775688,Jiella,21,4.8055
1485594,Methyloligella,21,4.8055
841,Roseburia,21,4.8055
73918,Thermaerobacter,21,4.8055
5864,Babesia,21,4.8055
252301,Oceanicola,21,4.8055
2732017,Epseptimavirus,21,4.8055
780,Rickettsia,21,4.8055
2885697,Gephyromycinifex,21,4.8055
1755825,Egicoccus,21,4.8055
55080,Brevibacillus,21,4.8055
906,Megasphaera,21,4.8055
2603324,Acidibrevibacterium,21,4.8055
2478349,Indioceanicola,21,4.8055
1543705,Nitrospirillum,21,4.8055
1612157,Pararhodospirillum,21,4.8055
1427149,Halomicroarcula,21,4.8055
63743,Natronomonas,21,4.8055
1148163,Paralcaligenes,20,4.5767
299568,Uruburuella,20,4.5767
1914449,Rugosibacter,20,4.5767
2772198,Sulfurimicrobium,20,4.5767
406099,Aquisalimonas,20,4.5767
1760987,Methylomagnum,20,4.5767
745410,Gallaecimonas,20,4.5767
1434019,Mameliella,20,4.5767
50709,Acidocella,20,4.5767
110934,Agreia,20,4.5767
255204,Pseudoclavibacter,20,4.5767
908935,Yimella,20,4.5767
1851,Saccharomonospora,20,4.5767
674734,Alloactinosynnema,20,4.5767
1961799,Lacunisphaera,20,4.5767
983507,Ponticoccus,20,4.5767
529883,Rhodoluna,20,4.5767
35823,Arthrospira,20,4.5767
1754,Thermoanaerobacter,20,4.5767
86331,Mogibacterium,20,4.5767
1648508,Ciceribacter,20,4.5767
2831925,Pukyongiella,20,4.5767
1004301,Flavihumibacter,20,4.5767
1348508,Roseimicrobium,20,4.5767
2093823,Candidatus Nanosynbacter,20,4.5767
171,Leptospira,20,4.5767
4895,Schizosaccharomyces,19,4.3478
1056,Thiocapsa,19,4.3478
78526,Allorhizobium,19,4.3478
1573407,Paradevosia,19,4.3478
478070,Labrenzia,19,4.3478
1742974,Pyruvatibacter,19,4.3478
2800682,Paraurantiacibacter,19,4.3478
309512,Dinoroseobacter,19,4.3478
2919626,Yangia,19,4.3478
1195526,Gryllotalpicola,19,4.3478
2805681,Yinghuangia,19,4.3478
2995702,Actinacidiphila,19,4.3478
2920401,Natronosporangium,19,4.3478
147067,Thermobispora,19,4.3478
2737,Vagococcus,19,4.3478
39948,Dialister,19,4.3478
2494209,Capsulimonas,19,4.3478
257820,Kerstersia,19,4.3478
71655,Brenneria,19,4.3478
2800685,Pelagerythrobacter,19,4.3478
2692113,Gleimia,19,4.3478
2843450,Sarumanvirus,19,4.3478
5112,Epichloe,19,4.3478
2767353,Lancefieldella,19,4.3478
227979,Jeotgalicoccus,19,4.3478
88723,Natrinema,19,4.3478
2874214,Terrihabitans,19,4.3478
1765964,Acidihalobacter,19,4.3478
189330,Dorea,19,4.3478
1988031,Candidatus Promineifilum,19,4.3478
85072,Allochromatium,19,4.3478
1861863,Sinimarinibacterium,19,4.3478
1763827,Hankyongella,19,4.3478
104267,Tenacibaculum,19,4.3478
323449,Pontibacter,19,4.3478
466152,Singulisphaera,19,4.3478
2807511,Humisphaera,19,4.3478
890,Desulfuromonas,19,4.3478
1331051,Candidatus Saccharimonas,19,4.3478
558016,Alphabaculovirus,19,4.3478
204619,Candidatus Nardonella,19,4.3478
1779136,Bradymonas,19,4.3478
1253,Pediococcus,19,4.3478
5320,Pleurotus,19,4.3478
29574,Taylorella,18,4.119
585890,Chitiniphilus,18,4.119
2891322,Parazoarcus,18,4.119
138117,Quatrionicoccus,18,4.119
1915401,Roseitalea,18,4.119
1406135,Breoghania,18,4.119
84756,Beutenbergia,18,4.119
39845,Actinokineospora,18,4.119
40566,Actinosynnema,18,4.119
2078948,Epidermidibacterium,18,4.119
1055323,Aeribacillus,18,4.119
1433995,Cruoricaptor,18,4.119
1594166,Oricola,18,4.119
745364,Luteipulveratus,18,4.119
1843210,Anaerocolumna,18,4.119
1686313,Fenollaria,18,4.119
28250,Ornithobacterium,18,4.119
2719313,Enterocloster,18,4.119
13724,Thiocystis,18,4.119
11572,Orthobunyavirus,18,4.119
1798085,Piscine myocarditis-like virus,18,4.119
283810,Stackebrandtia,18,4.119
44259,Filifactor,18,4.119
2895509,Metamycoplasma,18,4.119
120961,Roseiflexus,18,4.119
914,Nitrosomonas,18,4.119
2039723,Thiomicrorhabdus,18,4.119
256616,Parvibaculum,18,4.119
1769012,Arachidicoccus,18,4.119
504481,Sediminibacterium,18,4.119
392733,Terriglobus,18,4.119
1163,Anabaena,18,4.119
505692,Chromera,17,3.8902
187,Aquaspirillum,17,3.8902
2891323,Pseudazoarcus,17,3.8902
2706000,Casimicrobium,17,3.8902
3020833,Isoalcanivorax,17,3.8902
469322,Steroidobacter,17,3.8902
1209946,Roseicitreum,17,3.8902
387095,Maribius,17,3.8902
192992,Thermoleophilum,17,3.8902
84406,Virgibacillus,17,3.8902
1506553,Lachnoclostridium,17,3.8902
44000,Caldicellulosiruptor,17,3.8902
2795775,Lignipirellula,17,3.8902
893,Desulfobulbus,17,3.8902
2767577,Burkholderia phage Magia,17,3.8902
314343,Sideroxydans,17,3.8902
150203,Blastomonas,17,3.8902
2675230,Cytobacillus,17,3.8902
1649475,Paludibaculum,17,3.8902
338583,Polymorphospora,17,3.8902
1849,Actinopolyspora,17,3.8902
1649459,Hungatella,17,3.8902
1730,Eubacterium,17,3.8902
203804,Candidatus Blochmannia,17,3.8902
2884814,Pseudoprevotella,17,3.8902
1827478,Youhaiella,17,3.8902
2233801,Ahniella,17,3.8902
1155738,Moorena,17,3.8902
292632,Subdoligranulum,17,3.8902
1647,Erysipelothrix,17,3.8902
2056,Sphaerobacter,17,3.8902
2808942,Fluviibacter,17,3.8902
1679002,Candidatus Methylopumilus,17,3.8902
745,Pasteurella,17,3.8902
2944826,Pontibrevibacter,17,3.8902
2211641,Yoonia,17,3.8902
2493629,Minwuia,17,3.8902
2321111,Aliarcobacter,17,3.8902
5094,Talaromyces,17,3.8902
82105,Cladophialophora,17,3.8902
2239,Halobacterium,17,3.8902
90243,Oligella,16,3.6613
2249462,Ferrigenium,16,3.6613
504090,Kushneria,16,3.6613
28253,Marinomonas,16,3.6613
109262,Halothiobacillus,16,3.6613
447467,Simiduia,16,3.6613
1744881,Sulfuricaulis,16,3.6613
245186,Loktanella,16,3.6613
596707,Sinomonas,16,3.6613
1926259,Pseudactinotalea,16,3.6613
2892396,Vescimonas,16,3.6613
2676755,Croceibacterium,16,3.6613
1679449,Pseudooceanicola,16,3.6613
687331,Alphatorquevirus,16,3.6613
59613,Skermania,16,3.6613
84111,Eggerthella,16,3.6613
2211635,Cognatishimia,16,3.6613
871740,Halomarina,16,3.6613
2995234,Mycoplasmoides,16,3.6613
46255,Weissella,16,3.6613
1874526,Kovacikia,16,3.6613
1055692,Chitinolyticbacter,16,3.6613
2100764,Mixta,16,3.6613
1658781,Aliiroseovarius,16,3.6613
53945,Octadecabacter,16,3.6613
89583,Gluconacetobacter,16,3.6613
1543704,Niveispirillum,16,3.6613
44675,Geothrix,16,3.6613
2831665,Candidatus Mycosynbacter,16,3.6613
64895,Borreliella,16,3.6613
29521,Brachyspira,16,3.6613
78156,Pseudogymnoascus,16,3.6613
42,Cystobacter,16,3.6613
2597167,Pteropus lylei-associated alphaherpesvirus,16,3.6613
155862,Methanothermococcus,16,3.6613
299261,Tateyamaria,16,3.6613
156885,Thioflavicoccus,16,3.6613
5569,Cenococcum,16,3.6613
1436289,Candidatus Symbiobacter,15,3.4325
57739,Vogesella,15,3.4325
347533,Zobellella,15,3.4325
44011,Ferrimonas,15,3.4325
2678529,Kineobactrum,15,3.4325
2893022,Flagellatimonas,15,3.4325
1433986,Actibacterium,15,3.4325
364409,Granulibacter,15,3.4325
111830,Defluviicoccus,15,3.4325
1231242,Ferrovibrio,15,3.4325
518733,Microterricola,15,3.4325
2767879,Companilactobacillus,15,3.4325
253238,Ethanoligenens,15,3.4325
1763521,Paludisphaera,15,3.4325
1656823,Halanaeroarchaeum,15,3.4325
2160,Methanobacterium,15,3.4325
34372,Blumeria,15,3.4325
311181,Denitratisoma,15,3.4325
3050722,Algicella,15,3.4325
2766734,Faecalibacter,15,3.4325
367188,Haladaptatus,15,3.4325
29907,Sporothrix,15,3.4325
1851509,Naganishia,15,3.4325
5740,Giardia,15,3.4325
398041,Flavisolibacter,15,3.4325
2179,Methanothermus,15,3.4325
2948762,Ichnoviriform,15,3.4325
404,Methylobacillus,15,3.4325
1692042,Sulfurifustis,15,3.4325
2766927,Persicimonas,15,3.4325
1825023,Candidatus Nitrosotenuis,15,3.4325
943,Ehrlichia,15,3.4325
286801,Segniliparus,15,3.4325
1742991,Pseudoglutamicibacter,15,3.4325
2888818,Pengzhenrongella,15,3.4325
2675232,Neobacillus,15,3.4325
2675233,Metabacillus,15,3.4325
241421,Crinalium,15,3.4325
1218,Prochlorococcus,15,3.4325
290425,Advenella,15,3.4325
158483,Cedecea,15,3.4325
776,Coxiella,15,3.4325
2738399,Parasedimentitalea,15,3.4325
2433,Roseobacter,15,3.4325
1433402,Glycocaulis,15,3.4325
978,Cytophaga,15,3.4325
123,Pirellula,15,3.4325
44,Melittangium,15,3.4325
458032,Chloracidobacterium,15,3.4325
48558,Pyricularia,15,3.4325
28581,Allomyces,15,3.4325
40272,Roseolovirus,15,3.4325
1003337,Angomonas,15,3.4325
1486720,Methylomarinovum,15,3.4325
229219,Blastomyces,15,3.4325
1549750,Lomentospora,15,3.4325
2251,Haloferax,15,3.4325
1100891,Paenalcaligenes,14,3.2037
626,Xenorhabdus,14,3.2037
2828366,Caldichromatium,14,3.2037
3029205,Abyssibius,14,3.2037
2029,Kibdelosporangium,14,3.2037
2913367,Spiractinospora,14,3.2037
908623,Euzebya,14,3.2037
1470540,Jeotgalibaca,14,3.2037
648800,Solibacillus,14,3.2037
332157,Larkinella,14,3.2037
294702,Proteiniphilum,14,3.2037
256319,Chlorobaculum,14,3.2037
127,Isosphaera,14,3.2037
935200,Sulfuricella,14,3.2037
146918,Salinibacter,14,3.2037
376170,Haloplanus,14,3.2037
649461,Lacibacter,14,3.2037
3062336,Parasphaerochaeta,14,3.2037
4769,Saprolegnia,14,3.2037
2662752,Kalamiella,14,3.2037
1030,Thiothrix,14,3.2037
2944152,Wujia,14,3.2037
2905967,Candidatus Minimicrobia,14,3.2037
2892997,Candidatus Viadribacter,14,3.2037
1742990,Paeniglutamicibacter,14,3.2037
207244,Anaerostipes,14,3.2037
3025755,Thomasclavelia,14,3.2037
669357,Geminocystis,14,3.2037
748770,Dolichospermum,14,3.2037
159191,Nodularia,14,3.2037
1005038,Fimbriimonas,14,3.2037
637,Arsenophonus,14,3.2037
305899,Endozoicomonas,14,3.2037
361106,Desulfoglaeba,14,3.2037
577309,Paraprevotella,14,3.2037
37236,Amauroascus,14,3.2037
71,Simonsiella,14,3.2037
73778,Methylocaldum,14,3.2037
2709685,Parasphingorhabdus,14,3.2037
221065,Kordia,14,3.2037
75984,Mannheimia,14,3.2037
94642,Besnoitia,14,3.2037
2806252,Haloglomus,14,3.2037
1073986,Halobellus,14,3.2037
224471,Burkholderiales genera incertae sedis,13,2.9748
96,Gallionella,13,2.9748
35798,Nitrosospira,13,2.9748
85073,Thermochromatium,13,2.9748
1160973,Auritidibacter,13,2.9748
203133,Propionimicrobium,13,2.9748
2912996,Changpingibacter,13,2.9748
28263,Arcanobacterium,13,2.9748
76632,Thermobacillus,13,2.9748
2834348,Caproicibacterium,13,2.9748
33042,Coprococcus,13,2.9748
1013,Weeksella,13,2.9748
2715289,Amniculibacterium,13,2.9748
2674996,Tellurirhabdus,13,2.9748
168934,Thalassospira,13,2.9748
212742,Morococcus,13,2.9748
1295378,Methylogaea,13,2.9748
1237,Piscirickettsia,13,2.9748
2661800,Georhizobium,13,2.9748
1676651,Limnochorda,13,2.9748
2857076,Anthocerotibacter,13,2.9748
1524214,Vulgatibacter,13,2.9748
311453,Anncaliia,13,2.9748
10375,Lymphocryptovirus,13,2.9748
63265,Sporisorium,13,2.9748
35089,Gregarina,13,2.9748
568,Hafnia,13,2.9748
235572,Candidatus Portiera,13,2.9748
390876,Nisaea,13,2.9748
1348911,Coprobacter,13,2.9748
1860196,Pseudobacter,13,2.9748
2094023,Glaesserella,13,2.9748
138,Borrelia,13,2.9748
1051,Ectothiorhodospira,13,2.9748
1161127,Murdochiella,13,2.9748
146825,Halorhabdus,13,2.9748
644652,Gordonibacter,13,2.9748
2126548,Miniphocaeibacter,13,2.9748
1848399,Crassaminicella,13,2.9748
1152,Pseudanabaena,13,2.9748
2680021,Ephemeroptericola,13,2.9748
579,Kluyvera,13,2.9748
1649479,Permianibacter,13,2.9748
436357,Thalassococcus,13,2.9748
332102,Fluviicola,13,2.9748
1379908,Rufibacter,13,2.9748
246875,Algoriphagus,13,2.9748
354354,Niastella,13,2.9748
1874621,Panacibacter,13,2.9748
2836216,Phnomibacter,13,2.9748
379899,Niabella,13,2.9748
2789201,Candidatus Velamenicoccus,13,2.9748
115782,Trichlorobacter,13,2.9748
45654,Desulfonema,13,2.9748
1644057,Salinigranum,13,2.9748
1911573,Haloprofundus,13,2.9748
1826864,Candidatus Nitrosocosmicus,13,2.9748
181083,Chlorovirus,13,2.9748
181086,Prymnesiovirus,13,2.9748
334107,Conchiformibius,13,2.9748
2698688,Paraflavitalea,13,2.9748
51668,Tetragenococcus,13,2.9748
102231,Gloeocapsa,13,2.9748
1542963,Halapricum,13,2.9748
687333,Gammatorquevirus,13,2.9748
2249,Halococcus,13,2.9748
1866954,Varunaivibrio,13,2.9748
82800,Desemzia,13,2.9748
5583,Exophiala,13,2.9748
1778601,Apibacter,13,2.9748
10379,Rhadinovirus,13,2.9748
2778525,Profundibacter,13,2.9748
2946836,Bracoviriform,13,2.9748
2767889,Loigolactobacillus,13,2.9748
74032,Antarctobacter,13,2.9748
2237,Haloarcula,13,2.9748
1450140,Halohasta,13,2.9748
2560196,Orthotospovirus,13,2.9748
2890311,Klebsiella/Raoultella group,12,2.746
1860077,Sulfuriflexus,12,2.746
2650549,Hydrocarboniclastica,12,2.746
349742,Sedimenticola,12,2.746
274591,Hoeflea,12,2.746
320496,Neoasaia,12,2.746
178440,Opitutus,12,2.746
570266,Methanocella,12,2.746
1193503,Gilliamella,12,2.746
2733,Symbiobacterium,12,2.746
28070,Gloeothece,12,2.746
1129704,Kyrpidia,12,2.746
33870,Coriobacterium,12,2.746
246861,Grimontia,12,2.746
2115980,Candidatus Phycorickettsia,12,2.746
291183,Lacinutrix,12,2.746
218207,Desulfatibacillum,12,2.746
230666,Chitinibacter,12,2.746
1392389,Intestinimonas,12,2.746
2591381,Dysosmobacter,12,2.746
1511808,Alphapartitivirus,12,2.746
13075,Globicatella,12,2.746
236752,Fastidiosipila,12,2.746
1505652,Terrisporobacter,12,2.746
2743582,Peptacetobacter,12,2.746
102234,Cyanobacterium,12,2.746
233191,Caldilinea,12,2.746
1565532,Rouxiella,12,2.746
2893036,Venatoribacter,12,2.746
187492,Thalassolituus,12,2.746
630749,Spongiibacter,12,2.746
541,Zymomonas,12,2.746
1759396,Marivivens,12,2.746
2613960,Pseudopuniceibacterium,12,2.746
2846749,Pacificitalea,12,2.746
225842,Formosa,12,2.746
290174,Aquimarina,12,2.746
319458,Leadbetterella,12,2.746
390846,Echinicola,12,2.746
396811,Fulvivirga,12,2.746
2812019,Pseudocnuella,12,2.746
1742983,Occallatibacter,12,2.746
1073987,Halorientalis,12,2.746
1623304,Moineauvirus,12,2.746
1769729,Hathewaya,12,2.746
2943291,Pseudemcibacter,12,2.746
1177214,Candidatus Profftia,12,2.746
118747,Bulleidia,12,2.746
1172428,Thermotomaculum,12,2.746
2944193,Simiaoa,12,2.746
252356,Maribacter,12,2.746
106146,Pelistega,12,2.746
1182780,Magnetospira,12,2.746
299566,Adhaeribacter,12,2.746
1579506,Roseimaritima,12,2.746
134813,Natronorubrum,12,2.746
28228,Colwellia,12,2.746
417127,Zunongwangia,12,2.746
3056835,Halorarius,12,2.746
346673,Coccolithovirus,12,2.746
63742,Natrialba,12,2.746
1941236,Gemykibivirus,12,2.746
1448052,Globisporangium,11,2.5172
16,Methylophilus,11,2.5172
1227,Nitrosococcus,11,2.5172
2035712,Guyparkeria,11,2.5172
335927,Thalassobius,11,2.5172
43673,Jonesia,11,2.5172
1221880,Psychrobacillus,11,2.5172
1508657,Ruminiclostridium,11,2.5172
28895,Thermoanaerobacterium,11,2.5172
574697,Butyricimonas,11,2.5172
376469,Olivibacter,11,2.5172
2773294,Desulfolutivibrio,11,2.5172
2910589,Geotalea,11,2.5172
202746,Sulfurimonas,11,2.5172
2222,Methanothrix,11,2.5172
2948764,Immutovirus,11,2.5172
184923,Methylocapsa,11,2.5172
2767893,Lentilactobacillus,11,2.5172
1329200,Fictibacillus,11,2.5172
490731,Kwoniella,11,2.5172
242060,Cystoisospora,11,2.5172
2937410,Gymnodinialimonas,11,2.5172
2862745,Pseudobdellovibrio,11,2.5172
104264,Cellulophaga,11,2.5172
1101,Prosthecochloris,11,2.5172
158851,Trabulsiella,11,2.5172
358023,Lutibacter,11,2.5172
288793,Salinimonas,11,2.5172
2822114,Chlamydiifrater,11,2.5172
1747770,Egibacter,11,2.5172
2893056,Halalkalibacter,11,2.5172
329857,Cohnella,11,2.5172
2689587,Suicoccus,11,2.5172
2767886,Levilactobacillus,11,2.5172
365348,Pelosinus,11,2.5172
114627,Alkaliphilus,11,2.5172
2060094,Aminipila,11,2.5172
1905344,Ruthenibacterium,11,2.5172
2944195,Qiania,11,2.5172
28050,Lachnospira,11,2.5172
54304,Planktothrix,11,2.5172
111782,Tolypothrix,11,2.5172
499,Thermomicrobium,11,2.5172
303379,Herminiimonas,11,2.5172
1229970,Glaciimonas,11,2.5172
2872156,Methyloradius,11,2.5172
416212,Ferrovum,11,2.5172
1903434,Atlantibacter,11,2.5172
437504,Granulosicoccus,11,2.5172
129577,Oceanimonas,11,2.5172
1248727,endosymbiont of unidentified scaly snail isolate Monju,11,2.5172
227292,Sinorhizobium/Ensifer group,11,2.5172
532,Beijerinckia,11,2.5172
111500,Muricauda,11,2.5172
312278,Emticicia,11,2.5172
273135,Candidatus Cardinium,11,2.5172
29548,Rhodothermus,11,2.5172
1382832,Telmatocola,11,2.5172
3050007,Fontisphaera,11,2.5172
658061,Candidatus Koribacter,11,2.5172
146784,Bacteriovorax,11,2.5172
5036,Histoplasma,11,2.5172
1980514,Halodesulfurarchaeum,11,2.5172
2765402,Natrarchaeobaculum,11,2.5172
184431,Coprinopsis,11,2.5172
1699375,Natribaculum,11,2.5172
1763447,Halosiccatus,11,2.5172
59195,Rickettsiella,11,2.5172
2569097,Anaerobutyricum,11,2.5172
2842531,Solibaculum,11,2.5172
36853,Desulfitobacterium,11,2.5172
1620790,Halotia,11,2.5172
5658,Leishmania,11,2.5172
198346,Candidatus Baumannia,11,2.5172
3047433,Maliibacterium,11,2.5172
1263978,Candidatus Endolissoclinum,11,2.5172
1977639,Klosneuvirus,11,2.5172
1433993,Chryseolinea,11,2.5172
1209988,Halopenitus,11,2.5172
2045213,Candidatus Fonsibacter,11,2.5172
2492674,Phanerodontia,11,2.5172
105767,Tremella,11,2.5172
332246,Halalkalicoccus,11,2.5172
1075397,Halolamina,11,2.5172
3065677,Natrononativus,11,2.5172
203135,Halomicrobium,11,2.5172
1269201,Salinarchaeum,11,2.5172
70110,Penicilliopsis,10,2.2883
159345,Roseibacterium,10,2.2883
1433997,Diaminobutyricimonas,10,2.2883
1184606,Austwickia,10,2.2883
2888879,Nanchangia,10,2.2883
489909,Nosocomiicoccus,10,2.2883
2943286,Sideroxyarcus,10,2.2883
2847769,Aequoribacter,10,2.2883
2911469,Sulfuriroseicoccus,10,2.2883
447020,Adlercreutzia,10,2.2883
1190,Fischerella,10,2.2883
2828338,Croceimicrobium,10,2.2883
1649474,Nibribacter,10,2.2883
249585,Whispovirus,10,2.2883
2675231,Mesobacillus,10,2.2883
359337,Marinimicrobium,10,2.2883
2425,Teredinibacter,10,2.2883
444051,Mesoflavibacter,10,2.2883
261827,Algibacter,10,2.2883
49277,Psychroserpens,10,2.2883
354349,Pseudochrobactrum,10,2.2883
529881,Aquiluna,10,2.2883
1380,Atopobium,10,2.2883
182709,Oceanobacillus,10,2.2883
2893057,Shouchella,10,2.2883
2767881,Fructilactobacillus,10,2.2883
44258,Caloramator,10,2.2883
946234,Flavonifractor,10,2.2883
1501226,Romboutsia,10,2.2883
208447,Oceanithermus,10,2.2883
1810868,Mycoavidus,10,2.2883
2593687,Aquella,10,2.2883
292486,Avibacterium,10,2.2883
1621534,Paraglaciecola,10,2.2883
58050,Moritella,10,2.2883
762296,Methylovulum,10,2.2883
153497,Kozakia,10,2.2883
2723,Hirschia,10,2.2883
153265,Aequorivita,10,2.2883
292691,Christiangramia,10,2.2883
3051458,Chondrinema,10,2.2883
346096,Paludibacter,10,2.2883
2518495,Duncaniella,10,2.2883
2349,Haliscomenobacter,10,2.2883
2489367,Cyclonatronum,10,2.2883
2913022,Mucisphaera,10,2.2883
2951993,Alloacidobacterium,10,2.2883
5159,Ophiostoma,10,2.2883
4919,Pichia,10,2.2883
76833,Actinobaculum,10,2.2883
2712688,Salaquimonas,10,2.2883
456492,Saccharibacillus,10,2.2883
293431,Haloquadratum,10,2.2883
158481,Hahella,10,2.2883
1506577,Tyzzerella,10,2.2883
268175,Chondrocystis,10,2.2883
121871,Haloterrigena,10,2.2883
2760873,Tenuifilum,10,2.2883
2993618,Halosolutus,10,2.2883
649460,Filimonas,10,2.2883
1381133,Candidatus Profftella,10,2.2883
119541,Rhodobaca,10,2.2883
2316020,Mediterraneibacter,10,2.2883
1377992,Halovenus,10,2.2883
1075398,Salarchaeum,10,2.2883
2917705,Natranaeroarchaeum,10,2.2883
2678343,Halalkaliarchaeum,10,2.2883
60846,Halogeometricum,10,2.2883
2907493,Halocatena,10,2.2883
2853332,Peteryoungia,9,2.0595
2892397,Pusillibacter,9,2.0595
54298,Chroococcidiopsis,9,2.0595
155977,Acaryochloris,9,2.0595
455076,Rhodocytophaga,9,2.0595
213485,Micavibrio,9,2.0595
4753,Pneumocystis,9,2.0595
1608298,Thiolapillus,9,2.0595
44474,Pleurocapsa,9,2.0595
59735,Bergeyella,9,2.0595
2795783,Pirellulimonas,9,2.0595
453229,Desulfarculus,9,2.0595
3029078,Aminithiophilus,9,2.0595
2162630,Salinirubellus,9,2.0595
1537406,Bacterioplanes,9,2.0595
1579505,Rubripirellula,9,2.0595
508459,Cloacibacillus,9,2.0595
898,Desulfomicrobium,9,2.0595
1474867,Aureococcus anophagefferens virus,9,2.0595
2675795,Enterobacteriaceae endosymbiont of Plateumaris pusilla,9,2.0595
1099,Pelodictyon,9,2.0595
1107,Chloroflexus,9,2.0595
2919589,Vaginimicrobium,9,2.0595
2893576,Allosaccharopolyspora,9,2.0595
2039639,Candidatus Nanopelagicus,9,2.0595
28048,Acidothermus,9,2.0595
1906945,Parageobacillus,9,2.0595
1609627,Hydrogenibacillus,9,2.0595
55079,Aneurinibacillus,9,2.0595
2767892,Secundilactobacillus,9,2.0595
2093783,Methylomusa,9,2.0595
1434026,Oceanirhabdus,9,2.0595
1849822,Paraclostridium,9,2.0595
2886347,Allocoleopsis,9,2.0595
1142,Synechocystis,9,2.0595
155493,Gallibacterium,9,2.0595
459520,Neptuniibacter,9,2.0595
1518149,Thalassotalea,9,2.0595
135575,Idiomarina,9,2.0595
43947,Tolumonas,9,2.0595
1217416,Halioglobus,9,2.0595
254245,Aquicella,9,2.0595
2486578,Rickettsiales endosymbiont of Stachyamoeba lipophora,9,2.0595
83612,Psychroflexus,9,2.0595
336276,Olleya,9,2.0595
1649495,Seonamhaeicola,9,2.0595
1649482,Pseudopedobacter,9,2.0595
2321114,Malaciobacter,9,2.0595
286130,Sulfuricurvum,9,2.0595
2807414,Anatilimnocola,9,2.0595
2986286,Horticoccus,9,2.0595
1921784,Kiritimatiella,9,2.0595
167639,Ilyobacter,9,2.0595
2608728,Acidisarcina,9,2.0595
2250122,Candidatus Bipolaricaulis,9,2.0595
399320,Sphaerochaeta,9,2.0595
393029,Desulfurispirillum,9,2.0595
4830,Mucor,9,2.0595
387342,Halopiger,9,2.0595
1980928,Sepunavirus,9,2.0595
2268,Thermofilum,9,2.0595
864,Pectinatus,9,2.0595
702,Plesiomonas,9,2.0595
1927833,Candidatus Fukatsuia,9,2.0595
1193515,Snodgrassella,9,2.0595
82986,Tatumella,9,2.0595
373984,Rivularia,9,2.0595
861914,Fibrella,9,2.0595
2685905,Salicibibacter,9,2.0595
338321,Turneriella,9,2.0595
156973,Dysgonomonas,9,2.0595
2815786,Sodaliphilus,9,2.0595
214904,Tepidibacter,9,2.0595
244127,Anaerotruncus,9,2.0595
830,Butyrivibrio,9,2.0595
2019482,Brevefilum,9,2.0595
41707,Lawsonia,9,2.0595
2607661,Methanofervidicoccus,9,2.0595
377315,Mariprofundus,9,2.0595
10242,Orthopoxvirus,9,2.0595
1198,Phormidium,9,2.0595
2256,Natronobacterium,9,2.0595
2898489,Paralysiella,9,2.0595
1443590,Ferriphaselus,9,2.0595
69474,Orientia,9,2.0595
2716172,Candidatus Bandiella,9,2.0595
2330,Halanaerobium,9,2.0595
158846,Megamonas,9,2.0595
63132,Geitlerinema,9,2.0595
380738,Candidatus Kuenenia,9,2.0595
40411,Chrysosporium,9,2.0595
38946,Paracoccidioides,9,2.0595
2732368,Salinibaculum,9,2.0595
203193,Halobiforma,9,2.0595
2129,Ureaplasma,9,2.0595
393764,Candidatus Endoriftia,8,1.8307
697025,Hoyosella,8,1.8307
1434032,Pontimonas,8,1.8307
1868332,Neomicrococcus,8,1.8307
1274351,Kroppenstedtia,8,1.8307
2304691,Thermoclostridium,8,1.8307
1926556,Emergencia,8,1.8307
2831443,Heliomicrobium,8,1.8307
307628,Petrimonas,8,1.8307
2905949,Thermodesulfomicrobium,8,1.8307
145260,Methanothermobacter,8,1.8307
70742,Peronospora,8,1.8307
2172004,Lawsonibacter,8,1.8307
262406,Thermobaculum,8,1.8307
49894,Acetomicrobium,8,1.8307
10663,Tequatrovirus,8,1.8307
1649,Kurthia,8,1.8307
1348611,Vallitalea,8,1.8307
44260,Moorella,8,1.8307
1930845,Ndongobacter,8,1.8307
1970191,Salinivirga,8,1.8307
561555,Zhouia,8,1.8307
1511853,Alphanudivirus,8,1.8307
2422,Fervidobacterium,8,1.8307
2732589,Andhravirus,8,1.8307
1937972,Bernardetia,8,1.8307
41201,Ewingella,8,1.8307
432330,Tumebacillus,8,1.8307
1637257,Mageeibacillus,8,1.8307
1849828,Paeniclostridium,8,1.8307
1006480,Caldinitratiruptor,8,1.8307
146785,Thermosynechococcus,8,1.8307
233189,Anaerolinea,8,1.8307
1472344,Basilea,8,1.8307
158876,Yokenella,8,1.8307
907197,Psychrosphaera,8,1.8307
2036021,Agarilytica,8,1.8307
940550,Gilvimarinus,8,1.8307
1808977,Candidatus Methylospira,8,1.8307
1649463,Lentilitoribacter,8,1.8307
119044,Filomicrobium,8,1.8307
1434014,Lentibacter,8,1.8307
2919364,Novacetimonas,8,1.8307
74317,Maricaulis,8,1.8307
198251,Candidatus Pelagibacter,8,1.8307
2049301,Changchengzhania,8,1.8307
363408,Nonlabens,8,1.8307
2858886,Mangrovivirga,8,1.8307
2795605,Aureliella,8,1.8307
1936111,Fuerstiella,8,1.8307
2795777,Maioricimonas,8,1.8307
1541670,Methylacidimicrobium,8,1.8307
292833,Candidatus Rhabdochlamydia,8,1.8307
33973,Acidobacterium,8,1.8307
2883512,Citrifermentans,8,1.8307
146,Spirochaeta,8,1.8307
168657,Hydrogenobaculum,8,1.8307
166111,Byssoonygena,8,1.8307
338191,Nitrosopumilus,8,1.8307
10286,Betaentomopoxvirus,8,1.8307
3064792,Mariluticola,8,1.8307
1960084,Rodentibacter,8,1.8307
1920207,Thermothelomyces,8,1.8307
5721,Trichomonas,8,1.8307
29487,Photorhabdus,8,1.8307
40222,Methylophaga,8,1.8307
511434,Candidatus Azobacteroides,8,1.8307
3049269,Candidatus Pelagisphaera,8,1.8307
2950010,Salidesulfovibrio,8,1.8307
264688,Trichormus,8,1.8307
170610,Halomicronema,8,1.8307
5179,Sclerotinia,8,1.8307
2355,unidentified bacterial endosymbiont,8,1.8307
153135,Gammaretrovirus,8,1.8307
283168,Odoribacter,8,1.8307
59739,Flammeovirga,8,1.8307
415014,Proteiniborus,8,1.8307
3024823,Anaeromicropila,8,1.8307
291988,Thermosediminibacter,8,1.8307
2900571,Candidatus Gromoviella,8,1.8307
28222,Desulfobacula,8,1.8307
2004661,Hyphobacterium,8,1.8307
56112,Dehalobacter,8,1.8307
1155385,Proteiniclasticum,8,1.8307
2812025,Syntrophotalea,8,1.8307
497726,Nitrososphaera,8,1.8307
2944815,Wielerella,8,1.8307
1906659,Candidatus Hoaglandella,8,1.8307
141450,Oleiphilus,8,1.8307
1172191,Catenovulum,8,1.8307
33055,Candidatus Kinetoplastibacterium,8,1.8307
2813803,Luteithermobacter,8,1.8307
1918454,Flintibacter,8,1.8307
1492710,Oxynema,8,1.8307
3034674,cyanobacterium endosymbiont of Epithemia clementina EcSB,8,1.8307
2791001,Malacoplasma,8,1.8307
168808,Sneathia,8,1.8307
28261,Thermodesulfovibrio,8,1.8307
1652133,Halobacteriovorax,8,1.8307
638847,Pyramidobacter,8,1.8307
1866960,Amphiamblys,8,1.8307
2841540,Halosegnis,8,1.8307
2907507,Halococcoides,8,1.8307
2039236,Saliphagus,8,1.8307
3065678,Natronobeatus,8,1.8307
10509,Mastadenovirus,8,1.8307
5812,Sarcocystis,8,1.8307
112040,Zobellia,8,1.8307
45669,Salinicoccus,8,1.8307
744724,Halarchaeum,8,1.8307
511678,Aliivibrio,8,1.8307
929812,Gibbsiella,7,1.6018
1738655,Woeseia,7,1.6018
2837485,Evansella,7,1.6018
2916693,Desulforamulus,7,1.6018
511745,Methylacidiphilum,7,1.6018
2805839,Microbacterium phage Shocker,7,1.6018
2778400,Tepiditoga,7,1.6018
795750,Ignavibacterium,7,1.6018
5761,Naegleria,7,1.6018
42417,Halobacteroides,7,1.6018
2758906,Entomomonas,7,1.6018
1541743,Candidatus Ruthturnera,7,1.6018
694002,Betacoronavirus,7,1.6018
527198,Mariniflexile,7,1.6018
201847,Lactococcus phage 4268,7,1.6018
2795780,Symmachiella,7,1.6018
2786989,Koleobacter,7,1.6018
1862,Dermatophilus,7,1.6018
79603,Denitrobacterium,7,1.6018
3033930,Fervidibacillus,7,1.6018
471826,Candidatus Desulforudis,7,1.6018
2023214,Koinonema,7,1.6018
1495649,Thermoflexus,7,1.6018
400947,Deefgea,7,1.6018
801,Symbiopectobacterium,7,1.6018
82976,Buttiauxella,7,1.6018
2726810,Scandinavium,7,1.6018
1858563,Alkalimarinus,7,1.6018
1079922,Commensalibacter,7,1.6018
2038635,Hyphococcus,7,1.6018
162171,Magnetococcus,7,1.6018
267986,Owenweeksia,7,1.6018
1471399,Draconibacterium,7,1.6018
456826,Candidatus Cloacimonas,7,1.6018
2321115,Halarcobacter,7,1.6018
2690159,Anaerohalosphaera,7,1.6018
2175957,Ruficoccus,7,1.6018
810,Chlamydia,7,1.6018
180162,Cetobacterium,7,1.6018
34104,Streptobacillus,7,1.6018
2905722,Oceanidesulfovibrio,7,1.6018
248038,Mucispirillum,7,1.6018
397864,Barnesiella,7,1.6018
2755140,Pseudoleptotrichia,7,1.6018
767891,Candidatus Puniceispirillum,7,1.6018
196118,Methanocaldococcus,7,1.6018
2767878,Bombilactobacillus,7,1.6018
46205,Pseudobutyrivibrio,7,1.6018
191303,Turicibacter,7,1.6018
135858,Catenibacterium,7,1.6018
2975149,Marinilongibacter,7,1.6018
101191,Methanomethylovorans,7,1.6018
190729,Betasatellite,7,1.6018
2678885,Faecalibacillus,7,1.6018
143222,Salegentibacter,7,1.6018
44417,Cyclospora,7,1.6018
2717089,Massilistercora,7,1.6018
102115,Stanieria,7,1.6018
929509,Solitalea,7,1.6018
53318,Desulfocapsa,7,1.6018
2915177,Sulfidibacter,7,1.6018
89092,Ignavigranum,7,1.6018
61434,Dehalococcoides,7,1.6018
67572,Psychromonas,7,1.6018
112987,Neochlamydia,7,1.6018
2788787,unclassified Caudoviricetes,7,1.6018
4951,Yarrowia,7,1.6018
2967089,Abyssalbus,7,1.6018
1940138,Candidatus Walczuchella,7,1.6018
175304,Lentibacillus,7,1.6018
651660,Paenisporosarcina,7,1.6018
2601574,Candidatus Cytomitobacter,7,1.6018
1551504,Candidatus Babela,7,1.6018
5683,Leptomonas,7,1.6018
429,Methylobacter,7,1.6018
1509243,Candidatus Nucleicultrix,7,1.6018
41687,Scedosporium,7,1.6018
418700,Litorivicinus,7,1.6018
225143,Oceanisphaera,7,1.6018
2838409,Pigmentibacter,7,1.6018
57665,Sulfurospirillum,7,1.6018
53634,Acidimicrobium,7,1.6018
1654787,Thiopseudomonas,7,1.6018
2824158,Aquirhabdus,7,1.6018
231683,Saccharospirillum,7,1.6018
2894574,Saccharobesus,7,1.6018
2056696,Cysteiniphilum,7,1.6018
1335631,Frischella,7,1.6018
194195,Alysiella,7,1.6018
3027666,Aristophania,7,1.6018
1804663,Haematospirillum,7,1.6018
2767874,Acetilactobacillus,7,1.6018
2944198,Wansuia,7,1.6018
2922426,Phototrophicus,7,1.6018
2051044,Tuwongella,7,1.6018
5269,Ustilago,7,1.6018
5206,Cryptococcus,7,1.6018
4842,Rhizopus,7,1.6018
1169538,Vitrella,7,1.6018
4797,Pythium,7,1.6018
353799,Halostagnicola,7,1.6018
29287,Natronococcus,7,1.6018
3065676,Salinilacihabitans,7,1.6018
10882,Orthoreovirus,7,1.6018
2279,Staphylothermus,7,1.6018
2225,Methanococcoides,7,1.6018
2204,Methanomicrobium,7,1.6018
1082702,Lonsdalea,6,1.373
2884243,Musicola,6,1.373
869,Dichelobacter,6,1.373
2813804,Paremcibacter,6,1.373
2082587,Parolsenella,6,1.373
379065,Caldalkalibacillus,6,1.373
2893055,Halalkalibacterium (ex Joshi et al. 2022),6,1.373
2023,Thermoactinomyces,6,1.373
1348505,Polycladomyces,6,1.373
160795,Ureibacillus,6,1.373
3048127,Thermocaproicibacter,6,1.373
286729,Alkaliflexus,6,1.373
2582840,Desulfocurvibacter,6,1.373
2263,Thermococcus,6,1.373
263510,Crocosphaera,6,1.373
2795781,Aeoliella,6,1.373
2894587,Stenotrophomonas phage vB_SM_ytsc_ply2008005c,6,1.373
36910,Clavispora,6,1.373
2888809,Novisyntrophococcus,6,1.373
191301,Caminibacter,6,1.373
29331,Amphibacillus,6,1.373
2837508,Rossellomorea,6,1.373
1354809,Keratinibaculum,6,1.373
33024,Phascolarctobacterium,6,1.373
140458,Thermacetogenium,6,1.373
1918536,Longicatena,6,1.373
13034,Dactylococcopsis,6,1.373
46239,Mesoplasma,6,1.373
670486,Dehalogenimonas,6,1.373
32014,Iodobacter,6,1.373
81682,Methylovorus,6,1.373
453161,Candidatus Nitrotoga,6,1.373
2901261,Denitrificimonas,6,1.373
28884,Hydrogenovibrio,6,1.373
33993,Neorickettsia,6,1.373
208215,Parvularcula,6,1.373
1521255,Candidatus Paracaedibacter,6,1.373
326319,Dokdonia,6,1.373
2700084,Urechidicola,6,1.373
2058174,Antarcticibacterium,6,1.373
1511649,Mongoliitalea,6,1.373
832,Fibrobacter,6,1.373
269258,Nitratiruptor,6,1.373
265488,Rhodopirellula,6,1.373
1649480,Planctopirus,6,1.373
2483368,Sedimentisphaera,6,1.373
83551,Parachlamydia,6,1.373
2907187,Tichowtungia,6,1.373
2904716,Desulfosudis,6,1.373
2951106,Gracilinema,6,1.373
1255275,Oceanotoga,6,1.373
651456,Kosmotoga,6,1.373
117999,Denitrovibrio,6,1.373
2351,Flexistipes,6,1.373
35800,Nitrospina,6,1.373
187144,Caldithrix,6,1.373
100860,Aphanomyces,6,1.373
1007082,Nitrosarchaeum,6,1.373
315393,Mimivirus,6,1.373
137583,Thalassomonas,6,1.373
2767877,Apilactobacillus,6,1.373
33187,Uncinocarpus,6,1.373
2893060,Alkalihalophilus,6,1.373
2767891,Schleiferilactobacillus,6,1.373
3031933,Chordicoccus,6,1.373
990721,Christensenella,6,1.373
2974824,Nanobdella,6,1.373
261963,Kangiella,6,1.373
1505664,Gottschalkia,6,1.373
1918540,Muribaculum,6,1.373
1649453,Gimesia,6,1.373
2715734,Candidatus Chazhemtobacterium,6,1.373
2169621,Limdunavirus,6,1.373
2948786,Klumppvirus,6,1.373
2767890,Paucilactobacillus,6,1.373
510690,Sneathiella,6,1.373
4836,Phycomyces,6,1.373
2678352,Maribellus,6,1.373
2060722,Labilibaculum,6,1.373
68288,Cyclobacterium,6,1.373
869806,Marivirga,6,1.373
365032,Aureispira,6,1.373
1257,Peptostreptococcus,6,1.373
2304687,Petroclostridium,6,1.373
248744,Marvinbryantia,6,1.373
2867376,Desulfoscipio,6,1.373
499228,Tepidanaerobacter,6,1.373
2785518,Radiobacillus,6,1.373
401618,Candidatus Riesia,6,1.373
933,Thiomicrospira,6,1.373
582472,Wohlfahrtiimonas,6,1.373
2975286,Candidatus Comchoanobacter,6,1.373
336260,Thermovirga,6,1.373
68335,Coprothermobacter,6,1.373
650377,endosymbiont of Euscepes postfasciatus,6,1.373
1769008,Anoxybacter,6,1.373
1740,Thermodesulfobacterium,6,1.373
2316,Methanosphaera,6,1.373
2992720,Acidilutibacter,6,1.373
226991,Cyphellophora,6,1.373
300264,Silvimonas,6,1.373
1518147,Wenyingzhuangia,6,1.373
82982,Obesumbacterium,6,1.373
2547964,Parashewanella,6,1.373
1980697,Duodenibacillus,6,1.373
2816884,Qingshengfaniella,6,1.373
2791118,Oecophyllibacter,6,1.373
91914,Asaia,6,1.373
2952773,Formicincola,6,1.373
1645,Renibacterium,6,1.373
57494,Nesterenkonia,6,1.373
2837503,Gottfriedia,6,1.373
292635,Laceyella,6,1.373
2930384,Periweissella,6,1.373
46254,Oenococcus,6,1.373
33969,Melissococcus,6,1.373
33951,Acetobacterium,6,1.373
2748674,Zhaonella,6,1.373
186191,Marinithermus,6,1.373
2147,Acholeplasma,6,1.373
444090,Caldimicrobium,6,1.373
179,Leptospirillum,6,1.373
265570,Sulfurovum,6,1.373
1448928,Candidatus Fervidibacter,6,1.373
423604,Elusimicrobium,6,1.373
5104,Ascosphaera,6,1.373
1494215,Verruconis,6,1.373
2843389,Haloferacalesvirus,6,1.373
45667,Halobacillus,6,1.373
74385,Gracilibacillus,6,1.373
338648,Candidatus Contubernalis,6,1.373
51540,Spraguea,6,1.373
2045416,Oceanihabitans,6,1.373
2675234,Alkalihalobacillus,6,1.373
156993,Reichenbachiella,6,1.373
2843351,Audreyjarvisvirus,6,1.373
1077254,Tunicatimonas,6,1.373
2768738,Spartinivicinus,6,1.373
379068,Galbibacter,5,1.1442
862,Syntrophomonas,5,1.1442
1165076,Imtechella,5,1.1442
1773450,Anseongella,5,1.1442
3003266,Desulfolithobacter,5,1.1442
39709,Spironucleus,5,1.1442
186532,Ceduovirus,5,1.1442
374468,Nakaseomyces,5,1.1442
2767327,Fannyhessea,5,1.1442
2838311,Natronoglycomyces,5,1.1442
2837510,Siminovitchia,5,1.1442
191769,Marinilactibacillus,5,1.1442
166484,Caminicella,5,1.1442
2815296,Jejubacter,5,1.1442
158848,Moellerella,5,1.1442
3018276,Aliamphritea,5,1.1442
112008,Ignatzschineria,5,1.1442
1759417,Pseudohalocynthiibacter,5,1.1442
196080,Terasakiella,5,1.1442
2861660,Pseudalgibacter,5,1.1442
2893197,Aegicerativicinus,5,1.1442
3024544,Paracrocinitomix,5,1.1442
100715,Chloroherpeton,5,1.1442
2321187,Poseidonibacter,5,1.1442
2714594,Bremerella,5,1.1442
2795774,Polystyrenella,5,1.1442
1649490,Rubinisphaera,5,1.1442
2690160,Limihaloglobus,5,1.1442
1636270,Rhodoferax phage P26218,5,1.1442
2843445,Rockefellervirus,5,1.1442
181084,Prasinovirus,5,1.1442
243899,endosymbiont 'TC1' of Trimyema compressum,5,1.1442
45662,Desulfohalobium,5,1.1442
644007,Streptococcus phage PH10,5,1.1442
1566990,Streptococcus phage SpSL1,5,1.1442
51194,Desulfofustis,5,1.1442
40354,Fonsecaea,5,1.1442
1081670,Enterospora,5,1.1442
2603323,Petrocella,5,1.1442
316625,Saccharophagus,5,1.1442
2981344,Xiamenia,5,1.1442
904,Acidaminococcus,5,1.1442
77021,Cylindrospermopsis,5,1.1442
2917830,Leptothermofonsia,5,1.1442
1983111,unclassified Cyanobacteriota,5,1.1442
392332,Geoalkalibacter,5,1.1442
168694,Salinispora,5,1.1442
84162,Cryptobacterium,5,1.1442
281119,Candidatus Amoebophilus,5,1.1442
1001222,Porifericola,5,1.1442
2923290,Candidatus Sulfidibacterium,5,1.1442
49082,Candidatus Arthromitus,5,1.1442
2039240,Anaerotignum,5,1.1442
2293313,Candidatus Syntrophocurvum,5,1.1442
2651578,Thermanaerosceptrum,5,1.1442
41273,Tissierella,5,1.1442
1955413,Abyssicoccus,5,1.1442
86106,endosymbiont of Acanthamoeba sp. UWC8,5,1.1442
3024226,Thermospira,5,1.1442
455364,Chrysochromulina ericina virus,5,1.1442
2005509,Centapoxvirus,5,1.1442
1084558,Oceanicoccus,5,1.1442
46200,Geovibrio,5,1.1442
1914567,Potamipivirus,5,1.1442
2873234,Arceuthobium sichuanense virus 1,5,1.1442
2601651,Candidatus Nesciobacter,5,1.1442
2796146,Candidatus Nitrosacidococcus,5,1.1442
2014233,Thaumasiovibrio,5,1.1442
1021,Beggiatoa,5,1.1442
2847777,Atribacter,5,1.1442
196119,Methanotorris,5,1.1442
4910,Kluyveromyces,5,1.1442
134287,secondary endosymbiont of Heteropsylla cubana,5,1.1442
1906661,Candidatus Gullanella,5,1.1442
1504576,Pseudocitrobacter,5,1.1442
267849,Nitrincola,5,1.1442
623276,Maritalea,5,1.1442
2811380,Entomobacter,5,1.1442
1602345,Parasaccharibacter,5,1.1442
1802983,Candidatus Fokinia,5,1.1442
2654634,Candidatus Hydrogenosomobacter,5,1.1442
288021,Kordiimonas,5,1.1442
196082,Parascardovia,5,1.1442
459532,Terribacillus,5,1.1442
2837511,Sutcliffiella,5,1.1442
1930830,Floricoccus,5,1.1442
2767876,Amylolactobacillus,5,1.1442
51514,Dehalobacterium,5,1.1442
51196,Syntrophobotulus,5,1.1442
32636,Halothermothrix,5,1.1442
190972,Sedimentibacter,5,1.1442
167375,Cyanobium,5,1.1442
1649478,Pelolinea,5,1.1442
1676125,Thermogutta,5,1.1442
2897349,Candidatus Uabimicrobium,5,1.1442
282132,Candidatus Protochlamydia,5,1.1442
71666,Waddlia,5,1.1442
2909705,Oleidesulfovibrio,5,1.1442
497721,Desulfoluna,5,1.1442
2792240,Thiospirochaeta,5,1.1442
2953757,Candidatus Chromulinivorax,5,1.1442
1408194,Endomicrobium,5,1.1442
5110,Claviceps,5,1.1442
295595,Candidatus Hepatoplasma,5,1.1442
1891713,Alphapolyomavirus,5,1.1442
1434050,Zhongshania,5,1.1442
10552,Aviadenovirus,5,1.1442
1204360,Siansivirga,5,1.1442
2905123,Paraneptunicella,5,1.1442
2894762,Zophobihabitans,5,1.1442
81416,Methanofollis,5,1.1442
10487,Iridovirus,5,1.1442
232244,Belliella,5,1.1442
2795692,Nitrosophilus,5,1.1442
2679910,Intestinibaculum,5,1.1442
2706948,Aureibaculum,5,1.1442
2022711,Methanonatronarchaeum,5,1.1442
1511854,Betanudivirus,5,1.1442
1491393,Jingmen tick virus,5,1.1442
1677050,Novibacillus,4,0.9153
1663717,Herbinix,4,0.9153
1720323,Lessievirus,4,0.9153
2951107,Leadbettera,4,0.9153
82984,Pragia,4,0.9153
75687,Neptunomonas,4,0.9153
1557033,Yellowstone Lake virophage 5,4,0.9153
1453359,Candidatus Atelocyanobacterium,4,0.9153
2847307,Thermophilibacter,4,0.9153
2948652,Carjivirus,4,0.9153
2815775,Berryella,4,0.9153
289201,Pontibacillus,4,0.9153
1434042,Salisediminibacterium,4,0.9153
171003,Caloranaerobacter,4,0.9153
2375,Sporomusa,4,0.9153
2749267,Amedibacterium,4,0.9153
2943184,Tannockella,4,0.9153
76023,Halothece,4,0.9153
2692417,Ktedonosporobacter,4,0.9153
447792,Phytobacter,4,0.9153
1048757,Candidatus Moranella,4,0.9153
51366,Salinivibrio,4,0.9153
1792291,Marinagarivorans,4,0.9153
1869285,Allofrancisella,4,0.9153
13275,Suttonella,4,0.9153
655184,Candidatus Thioglobus,4,0.9153
1617805,Amylibacter,4,0.9153
2854182,Falsihalocynthiibacter,4,0.9153
387658,Marixanthomonas,4,0.9153
283735,Leeuwenhoekiella,4,0.9153
2795779,Rosistilla,4,0.9153
18,Pelobacter,4,0.9153
2843426,Muminvirus,4,0.9153
2842996,Quwivirus,4,0.9153
1891714,Betapolyomavirus,4,0.9153
685950,Fervidicoccus,4,0.9153
2834759,Flocculibacter,4,0.9153
393005,Tamlana,4,0.9153
2357,Desulfomonile,4,0.9153
545865,Calditerrivibrio,4,0.9153
395331,Methanoregula,4,0.9153
28236,Petrotoga,4,0.9153
261825,Agarivorans,4,0.9153
2848171,Cognaticolwellia,4,0.9153
1755829,Ichthyobacterium,4,0.9153
1091,Chlorobium,4,0.9153
1729679,Faecalibaculum,4,0.9153
256846,Lentisphaera,4,0.9153
182899,Persephonella,4,0.9153
411566,Candidatus Midichloria,4,0.9153
10491,Chloriridovirus,4,0.9153
2202565,Genomoviridae sp.,4,0.9153
2005380,Mariniblastus,4,0.9153
59740,Persicobacter,4,0.9153
2303321,Superficieibacter,4,0.9153
2675791,Enterobacteriaceae endosymbiont of Macroplea mutica,4,0.9153
1745211,Chania,4,0.9153
33073,Zymobacter,4,0.9153
515417,Amphritea,4,0.9153
1649317,Frederiksenia,4,0.9153
2802288,Dongshaea,4,0.9153
1524249,Pseudohongiella,4,0.9153
1647175,Aestuariispira,4,0.9153
2767318,Boudabousia,4,0.9153
1926677,Raoultibacter,4,0.9153
84108,Slackia,4,0.9153
2767884,Lapidilactobacillus,4,0.9153
2978367,Nicoliella,4,0.9153
1769710,Sellimonas,4,0.9153
79206,Desulfosporosinus,4,0.9153
2838170,Alkalicella,4,0.9153
698776,Cellulosilyticum,4,0.9153
129957,Carboxydothermus,4,0.9153
28186,Acetohalobium,4,0.9153
2807497,Natranaerofaba,4,0.9153
2173039,Arcticibacterium,4,0.9153
1522128,Catalinimonas,4,0.9153
2975260,Parvicella,4,0.9153
134550,Candidatus Xiphinematobacter,4,0.9153
427922,Desulfurivibrio,4,0.9153
2886823,Desulfosediminicola,4,0.9153
29526,Syntrophobacter,4,0.9153
60892,Desulfobacca,4,0.9153
2811506,Dissulfurispira,4,0.9153
84404,Hippea,4,0.9153
13,Dictyoglomus,4,0.9153
2842588,Ceceduovirus,4,0.9153
2732062,Guelphvirus,4,0.9153
2843421,Menderavirus,4,0.9153
2948660,Chaovirus,4,0.9153
2948870,Pormufvirus,4,0.9153
2003394,Alphaendornavirus,4,0.9153
2811091,Cotonvirus japonicus,4,0.9153
1266,Sarcina,4,0.9153
3045815,Trichothermofontia,4,0.9153
223785,Hydrogenimonas,4,0.9153
1193324,Alkalitalea,4,0.9153
2910986,Paradesulfovibrio (ex Waite et al. 2020),4,0.9153
2302,Thermoplasma,4,0.9153
2969597,Yangshan Harbor Nitrososphaeria virus,4,0.9153
53572,Deferribacter,4,0.9153
2360,Bathymodiolus thermophilus thioautotrophic gill symbiont,4,0.9153
10358,Cytomegalovirus,4,0.9153
369400,Flaviramulus,4,0.9153
2025333,Rosellinia necatrix partitivirus 8,4,0.9153
2899790,Mergibacter,4,0.9153
2837502,Ectobacillus,4,0.9153
1502725,Effusibacillus,4,0.9153
648802,Rummeliibacillus,4,0.9153
169682,Myohalovirus,4,0.9153
675845,Emaravirus,4,0.9153
5712,Bodo,4,0.9153
2689589,Staphylospora,4,0.9153
3065395,Thermocoleostomius,4,0.9153
548688,Percavirus,4,0.9153
1406885,Aliiglaciecola,4,0.9153
2042066,Paraphotobacterium,4,0.9153
2066071,Bacterioplanoides,4,0.9153
1235283,Abyssogena phaseoliformis symbiont OG214,4,0.9153
227388,Thermodesulfobium,4,0.9153
200903,Paraliobacillus,4,0.9153
2192,Methanocorpusculum,4,0.9153
2905569,Hangzhou scotinophara lurida lispivirus 1,4,0.9153
1147042,Staphylococcus phage StB12,4,0.9153
1682492,Candidatus Tachikawaea,4,0.9153
1562,Desulfotomaculum,3,0.6865
843,Wolinella,3,0.6865
2270,Thermoproteus,3,0.6865
2733123,Phabquatrovirus,3,0.6865
2560082,Actinovirus,3,0.6865
1285591,Glossinavirus,3,0.6865
2944627,Paenalkalicoccus,3,0.6865
482460,Sediminibacillus,3,0.6865
42837,Ammonifex,3,0.6865
2946507,Microvenator,3,0.6865
1623292,Omegavirus,3,0.6865
2733153,Colossusvirus,3,0.6865
10270,Leporipoxvirus,3,0.6865
5144,Podospora,3,0.6865
302781,Monocercomonoides,3,0.6865
2913017,Aggregatimonas,3,0.6865
4815,Spizellomyces,3,0.6865
2862451,Adhaeretor,3,0.6865
449810,Lutimonas,3,0.6865
2810357,Jinshanibacter,3,0.6865
475230,Pullulanibacillus,3,0.6865
98443,Richelia,3,0.6865
2987594,Rasiella,3,0.6865
45989,Methanoculleus,3,0.6865
1649298,Siccibacter,3,0.6865
2732686,Kayfunavirus,3,0.6865
313602,Flavobacteriales incertae sedis,3,0.6865
1481960,Peptoclostridium,3,0.6865
538999,Eubacteriales incertae sedis,3,0.6865
274470,Alkalibacter,3,0.6865
2282742,Desulfofarcimen,3,0.6865
2840454,Candidatus Formimonas,3,0.6865
2692382,Gudongella,3,0.6865
2903100,Mariniplasma,3,0.6865
2975521,Xianfuyuplasma,3,0.6865
2967962,Brucepastera,3,0.6865
2845254,Breznakiella,3,0.6865
1616789,Salinispira,3,0.6865
2803301,Poriferisphaera,3,0.6865
160798,Marinitoga,3,0.6865
1269028,Acanthamoeba polyphaga moumouvirus,3,0.6865
2202,Methanospirillum,3,0.6865
2546365,Rippkaea,3,0.6865
65097,Euhalothece,3,0.6865
12402,Streptococcus phage EJ-1,3,0.6865
1982239,Nipunavirus,3,0.6865
561367,Salinimicrobium,3,0.6865
1835721,secondary endosymbiont of Trabutina mannipara,3,0.6865
1445504,Gynuella,3,0.6865
697331,Basfia,3,0.6865
1980513,Candidatus Nitrosoglobus,3,0.6865
89404,Glaciecola,3,0.6865
2078575,Psychromicrobium,3,0.6865
2920444,Mangrovibacillus,3,0.6865
2997360,Anaeropeptidivorans,3,0.6865
2576755,Caproicibacter,3,0.6865
129001,Syntrophothermus,3,0.6865
278993,Thermincola,3,0.6865
249529,Caldanaerobacter,3,0.6865
252965,Mahella,3,0.6865
375928,Natranaerobius,3,0.6865
92682,Halothece cluster,3,0.6865
1434045,Sinomicrobium,3,0.6865
1287916,Euzebyella,3,0.6865
444459,Flagellimonas,3,0.6865
2904687,Desulforapulum,3,0.6865
2033601,Thermosulfuriphilus,3,0.6865
43773,Syntrophus,3,0.6865
171868,Thermovibrio,3,0.6865
2834378,Entomospira,3,0.6865
2035349,Oceanispirochaeta,3,0.6865
81461,Thermanaerovibrio,3,0.6865
81466,Aminobacterium,3,0.6865
2314,Methanoplanus,3,0.6865
2545692,Candidatus Methanoliparum,3,0.6865
105850,Acidilobus,3,0.6865
46631,Picrophilus,3,0.6865
2843115,Veterinaerplatzvirus,3,0.6865
2843377,Dybvigvirus,3,0.6865
32068,Sebaldella,3,0.6865
2767882,Furfurilactobacillus,3,0.6865
768,Anaplasma,3,0.6865
1184396,Mesotoga,3,0.6865
27977,Nosema,3,0.6865
1738645,Caproiciproducens,3,0.6865
82980,Leminorella,3,0.6865
2910984,Solidesulfovibrio,3,0.6865
2842638,Deltanudivirus,3,0.6865
2856051,Candidatus Nanohalobium,3,0.6865
2651279,Pradoshia,3,0.6865
54258,Ignicoccus,3,0.6865
599651,Bermanella,3,0.6865
1249016,Otariodibacter,3,0.6865
467749,Candidatus Neoehrlichia,3,0.6865
109168,Desulfotalea,3,0.6865
2025617,Ketobacter,3,0.6865
476528,Bibersteinia,3,0.6865
2942979,Kahnovirus,3,0.6865
2017961,Sulfodiicoccus,3,0.6865
1081667,Hepatospora,3,0.6865
795339,Phytopythium,3,0.6865
2781121,Thiosulfatimonas,3,0.6865
2719231,Lacrimispora,3,0.6865
2903105,Alteracholeplasma,3,0.6865
178469,Arenibacter,3,0.6865
2705406,Sulfuracidifex,3,0.6865
181085,Phaeovirus,3,0.6865
1247379,Moumouvirus goulette,3,0.6865
43680,Ascovirus,3,0.6865
2501368,Thottimvirus,3,0.6865
11584,Phlebovirus,3,0.6865
659497,Sclerotinia sclerotiorum partitivirus S,3,0.6865
2169649,Roymovirus,3,0.6865
11095,Pestivirus,3,0.6865
1922998,Hubei odonate virus 3,3,0.6865
1857843,Kayvirus,3,0.6865
2732971,Sciuriunavirus,3,0.6865
2732960,Carltongylesvirus,3,0.6865
2738850,Candidatus Reidiella,3,0.6865
2767888,Liquorilactobacillus,3,0.6865
186831,Acetoanaerobium,3,0.6865
1209327,Flavivirga,3,0.6865
153057,Alpharetrovirus,3,0.6865
573012,Raphidovirus,3,0.6865
548689,Proboscivirus,3,0.6865
331278,Yersinia phage phiR1-37,2,0.4577
2843459,Sparkyvirus,2,0.4577
2077,Sporolactobacillus,2,0.4577
2924872,Acididesulfobacillus,2,0.4577
174708,Allobaculum,2,0.4577
3059405,Prodigiosinella,2,0.4577
1007,Saprospira,2,0.4577
191291,Nautilia,2,0.4577
100474,Batrachochytrium,2,0.4577
1573458,Pseudomonas phage PS-1,2,0.4577
2946811,Aurodevirus,2,0.4577
2733111,Llyrvirus,2,0.4577
2733131,Sasquatchvirus,2,0.4577
2948610,Janthinobacterium phage vB_JliM-Donnerlittchen,2,0.4577
2560151,Iodovirus,2,0.4577
1720324,Hollowayvirus,2,0.4577
2948704,Exceevirus,2,0.4577
2732924,Stubburvirus,2,0.4577
2843069,Tanisvirus,2,0.4577
2109587,Moumouvirus australiensis,2,0.4577
2903107,Paracholeplasma,2,0.4577
1906657,Candidatus Doolittlea,2,0.4577
1199245,secondary endosymbiont of Ctenarytaina eucalypti,2,0.4577
2304693,Pseudoclostridium,2,0.4577
2220,Methanolobus,2,0.4577
2055263,Anelloviridae sp.,2,0.4577
1981050,Phoenicibacter,2,0.4577
2284,Sulfolobus,2,0.4577
1235689,Pseudomonas phage AF,2,0.4577
2948846,Oliverunavirus,2,0.4577
2172100,Limnobaculum,2,0.4577
2842658,Dubowvirus,2,0.4577
333922,Betapapillomavirus,2,0.4577
1232640,Solendovirus,2,0.4577
2810810,Solenopsis invicta virus 14,2,0.4577
2995122,Leptogranulimonas,2,0.4577
1593364,Candidatus Nitrosopelagicus,2,0.4577
2613912,Conexivisphaera,2,0.4577
389486,Sediminicola,2,0.4577
1685766,Lake Sarah-associated circular virus-38,2,0.4577
1223423,Neokomagataea,2,0.4577
1922243,Sextaecvirus,2,0.4577
2732968,Schiekvirus,2,0.4577
2948905,Sheenvirus,2,0.4577
230494,Reinekea,2,0.4577
1751872,Lacimicrobium,2,0.4577
1592897,Coxiella-like endosymbiont,2,0.4577
118884,Gammaproteobacteria incertae sedis,2,0.4577
412033,Celerinatantimonas,2,0.4577
2038,Tropheryma,2,0.4577
196081,Scardovia,2,0.4577
390805,Geosporobacter,2,0.4577
189326,Gelria,2,0.4577
2919614,Williamsoniiplasma,2,0.4577
1134403,Melioribacter,2,0.4577
442430,Coraliomargarita,2,0.4577
34093,Simkania,2,0.4577
241192,Thermodesulfatator,2,0.4577
269260,Nitratifractor,2,0.4577
64159,Desulfurobacterium,2,0.4577
2335,Thermotoga,2,0.4577
1769732,Dissulfurimicrobium,2,0.4577
498845,Candidatus Korarchaeum,2,0.4577
1920864,Rtpvirus,2,0.4577
2733120,Nodensvirus,2,0.4577
2843443,Rahariannevirus,2,0.4577
2948666,Clampvirus,2,0.4577
1912760,Cequinquevirus,2,0.4577
12234,Tobamovirus,2,0.4577
3051499,Aceticella,2,0.4577
2419610,Arthrobacter phage Isolde,2,0.4577
2948793,Lahndsivirus,2,0.4577
1623281,Cheoctovirus,2,0.4577
43685,Lactococcus phage r1t,2,0.4577
5655,Crithidia,2,0.4577
2946823,Betafusarivirus,2,0.4577
1335483,Shimwellia,2,0.4577
343334,Costertonia,2,0.4577
5703,Endotrypanum,2,0.4577
1623303,Brussowvirus,2,0.4577
2946818,Beejeyvirus,2,0.4577
2879396,Nomada lathburiana mononega-like virus,2,0.4577
1678078,Mollivirus sibericum,2,0.4577
2035399,Eptesicus fuscus gammaherpesvirus,2,0.4577
3044737,Ictavirus,2,0.4577
72358,Trachipleistophora,2,0.4577
178898,Carboxydocella,2,0.4577
2831916,Pukyongia,2,0.4577
1522431,Thermosulfurimonas,2,0.4577
1699619,Candidatus Westeberhardia,2,0.4577
1407056,Litorilituus,2,0.4577
109471,Bisgaardia,2,0.4577
2781120,Thiosulfativibrio,2,0.4577
34067,Cycloclasticus,2,0.4577
2732587,Candidatus Vesicomyosocius,2,0.4577
2817383,Candidatus Azoamicus,2,0.4577
33811,unclassified Gammaproteobacteria,2,0.4577
46466,Halocella,2,0.4577
252306,Robiginitalea,2,0.4577
2175,Methanohalophilus,2,0.4577
54260,Ferroglobus,2,0.4577
3044800,Rheavirus,2,0.4577
10257,Parapoxvirus,2,0.4577
2560198,Pacuvirus,2,0.4577
2169646,Sopolycivirus,2,0.4577
1093928,Porcine astrovirus 5,2,0.4577
67753,Crinivirus,2,0.4577
1920771,Goravirus,2,0.4577
2973078,Alternavirus,2,0.4577
1923564,Wenzhou gastropodes virus 2,2,0.4577
1922876,Hubei diptera virus 15,2,0.4577
2560228,Shalavirus,2,0.4577
2948836,Nekkelsvirus,2,0.4577
2733194,Mementomorivirus,2,0.4577
2842564,Bossavirus,2,0.4577
936061,Omegapapillomavirus,2,0.4577
687332,Betatorquevirus,2,0.4577
1081630,Candidatus Schneideria,2,0.4577
2822410,Methylotuvimicrobium,2,0.4577
496496,Viridibacillus,2,0.4577
2881385,Thermostichus,2,0.4577
1763363,cyanobacterium endosymbiont of Rhopalodia gibberula,2,0.4577
216431,Croceibacter,2,0.4577
896,Desulfococcus,2,0.4577
212790,Sulfurihydrogenibium,2,0.4577
2900570,Candidatus Absconditicoccus,2,0.4577
2845816,Gordonia phage VanLee,2,0.4577
2842707,Goettingenvirus,2,0.4577
1714268,Alphasphaerolipovirus,2,0.4577
70535,Edhazardia,2,0.4577
2893058,Pseudalkalibacillus,2,0.4577
283785,Bizionia,2,0.4577
1511648,Defluviitoga,2,0.4577
196136,Methanosalsum,2,0.4577
10278,Molluscipoxvirus,2,0.4577
1980517,Orthonairovirus,2,0.4577
2948670,Cybitervirus,2,0.4577
1922595,Beihai picorna-like virus 50,2,0.4577
2293296,Millipede associated circular virus 1,2,0.4577
2843396,Jouyvirus,2,0.4577
140410,Peduovirus,2,0.4577
2948876,Quadragintavirus,2,0.4577
2948703,Evevirus,2,0.4577
2943016,Salvovirus,2,0.4577
2731954,Limelightvirus,2,0.4577
1813613,Picornavirales Bu-3,2,0.4577
2894767,Desulfomarina,2,0.4577
1993653,Candidatus Nitrosomarinus,2,0.4577
2734594,Uukuvirus,2,0.4577
12148,Tymovirus,2,0.4577
2077304,Leptonychotes weddellii papillomavirus 3,2,0.4577
12914,Acidianus,2,0.4577
5587,Rhinocladiella,2,0.4577
2560111,Ceetrepovirus,1,0.2288
2712957,Ochrobactrum phage vB_OspP_OH,1,0.2288
2801834,Klebsiella phage vB_KpM_FBKp24,1,0.2288
1089121,Mycobacterium phage Dori,1,0.2288
2843439,Predatorvirus,1,0.2288
2169657,Trigintaduovirus,1,0.2288
2560178,Minunavirus,1,0.2288
1051631,Streptococcus phage YMC-2011,1,0.2288
2508244,Pregotovirus,1,0.2288
2907134,Constantimarinum,1,0.2288
1643951,Pseudothermotoga,1,0.2288
2848886,Streptomyces phage KimJongPhill,1,0.2288
1147043,Staphylococcus phage StB20,1,0.2288
754075,Vibrio phage 11895-B1,1,0.2288
1026955,Synechococcus phage S-CRM01,1,0.2288
2856180,Methanoculleus virus L4768,1,0.2288
2894790,Bacillus phage vB_BanS_Sophrita,1,0.2288
1917990,Bequatrovirus,1,0.2288
2733118,Nereusvirus,1,0.2288
2588487,Synechococcus phage S-SCSM1,1,0.2288
2733129,Salacisavirus,1,0.2288
2843390,Hattifnattvirus,1,0.2288
2842727,Henunavirus,1,0.2288
2733151,Xuquatrovirus,1,0.2288
2560233,Sugarlandvirus,1,0.2288
2948755,Harrisonburgvirus,1,0.2288
1623282,Chenonavirus,1,0.2288
2560127,Emalynvirus,1,0.2288
2843478,Yonseivirus,1,0.2288
2843423,Moturavirus,1,0.2288
1982111,Eiauvirus,1,0.2288
1913654,Gaprivervirus,1,0.2288
2733095,Barbavirus,1,0.2288
2942990,Canhaevirus,1,0.2288
537874,Streptococcus phage PH15,1,0.2288
2928831,Pseudomonas phage Kremar,1,0.2288
2894335,Burkholderia phage BgManors32,1,0.2288
2718942,Synechococcus phage S-H34,1,0.2288
2842819,Lasallevirus,1,0.2288
2560176,Mimasvirus,1,0.2288
2948784,Kimonavirus,1,0.2288
578234,Lactobacillus phage Lv-1,1,0.2288
2842369,Alphadrosrhavirus,1,0.2288
2903106,Haploplasma,1,0.2288
1906660,Candidatus Mikella,1,0.2288
1266451,Mulberry vein banding virus,1,0.2288
2946791,Alphahypovirus,1,0.2288
2733206,Rowavirus,1,0.2288
2948662,Chrysonvirus,1,0.2288
2733110,Libanvirus,1,0.2288
2163605,Pseudomonas phage vB_PaeM_PA5oct,1,0.2288
1357710,Pseudoalteromonas phage HS6,1,0.2288
2942989,Afonbuvirus,1,0.2288
2560122,Dismasvirus,1,0.2288
2948639,Bragavirus,1,0.2288
2661818,Saliniradius,1,0.2288
79598,Heliorestis,1,0.2288
762641,Muriicola,1,0.2288
2713,Aquifex,1,0.2288
1769718,Athalassotoga,1,0.2288
693074,Caldisericum,1,0.2288
27971,Enterocytozoon,1,0.2288
2195,Methanogenium,1,0.2288
1747777,Cuniculiplasma,1,0.2288
2601632,Pseudomonas phage vB_PaeM_PS119XW,1,0.2288
2948714,Galenevirus,1,0.2288
2948925,Thonkovirus,1,0.2288
1623302,Saphexavirus,1,0.2288
2843161,Zicotriavirus,1,0.2288
1915205,Obolenskvirus,1,0.2288
1299429,Yuavirus,1,0.2288
2560172,Magoulivirus,1,0.2288
186783,Ourmiavirus,1,0.2288
2733294,Polymycovirus,1,0.2288
1805626,Pithovirus,1,0.2288
2899804,Iocasia,1,0.2288
2843458,Sozzivirus,1,0.2288
2100760,Saccharolobus,1,0.2288
1982355,Pamexvirus,1,0.2288
2948813,Mahstovirus,1,0.2288
1291539,Candidatus Methanomethylophilus,1,0.2288
2483661,Rothia phage Spartoi,1,0.2288
447909,Geobacillus virus E2,1,0.2288
2560128,Eneladusvirus,1,0.2288
74968,Ferroplasma,1,0.2288
2732683,Ghunavirus,1,0.2288
2219109,Botrytis cinerea hypovirus 1 satellite-like RNA,1,0.2288
1400133,Allobacillus,1,0.2288
164450,Vulcanisaeta,1,0.2288
2492466,Streptococcus phage CHPC1198,1,0.2288
1887657,Rhodococcus phage ChewyVIII,1,0.2288
12329,Tenuivirus,1,0.2288
1923486,Wenling crustacean virus 3,1,0.2288
2948671,Dabirmavirus,1,0.2288
1980921,Mieseafarmvirus,1,0.2288
1911556,Sediminispirochaeta,1,0.2288
1923743,Wuhan nido-like virus 1,1,0.2288
12059,Enterovirus,1,0.2288
559173,Fructobacillus,1,0.2288
112252,Fungi incertae sedis,1,0.2288
1607807,Candidatus Methanoplasma,1,0.2288
2946830,Birpovirus,1,0.2288
2560197,Otagovirus,1,0.2288
2842586,Cbunavirus,1,0.2288
1649499,Swingsia,1,0.2288
10265,Capripoxvirus,1,0.2288
109981,Diachasmimorpha longicaudata entomopoxvirus,1,0.2288
1857323,Tospovirus kiwifruit/YXW/2014,1,0.2288
2501970,Shaspivirus,1,0.2288
1513295,Nyavirus,1,0.2288
2508224,Alphamononivirus,1,0.2288
1513308,Velarivirus,1,0.2288
2022856,Blunervirus,1,0.2288
675066,Sclerodarnavirus,1,0.2288
11014,Chrysovirus,1,0.2288
1923144,Hubei picorna-like virus 61,1,0.2288
2025595,Abisko virus,1,0.2288
103371,Rhizobium phage RL2RES,1,0.2288
1623308,Wbetavirus,1,0.2288
2842972,Pokkenvirus,1,0.2288
2169534,Limestonevirus,1,0.2288
2948924,Thetapolyomavirus,1,0.2288
1506574,Protoparvovirus,1,0.2288
39725,Circovirus,1,0.2288
68887,Torque teno virus,1,0.2288
6033,Encephalitozoon,1,0.2288
586132,Nematocida,1,0.2288
5873,Theileria,1,0.2288
1470208,Paratrypanosoma,1,0.2288
351195,Salimicrobium,1,0.2288
274493,Chlorobium/Pelodictyon group,1,0.2288
412592,Thermosulfidibacter,1,0.2288
190818,Geoglobus,1,0.2288
2276,Pyrobaculum,1,0.2288
2943003,Cenphatecvirus,1,0.2288
2843470,Vedamuthuvirus,1,0.2288
1857846,Twortvirus,1,0.2288
2842881,Mooreparkvirus,1,0.2288
2948756,Hatrivirus,1,0.2288
2560206,Pollyceevirus,1,0.2288
1914852,Vequintavirus,1,0.2288
680114,Bixzunavirus,1,0.2288
929832,Cyanophage P-RSM6,1,0.2288
140052,Betaretrovirus,1,0.2288
1985367,Gemykrogvirus,1,0.2288
409304,Candidatus Ishikawaella,1,0.2288
2841677,Candidatus Pseudothioglobus,1,0.2288
1235284,Isorropodon fossajaponicum endosymbiont JTNG4,1,0.2288
1884449,Salipaludibacillus,1,0.2288
939,Hydrogenobacter,1,0.2288
230355,Methanolacinia,1,0.2288
54247,Hyperthermus,1,0.2288
2842693,Gammanudivirus,1,0.2288
11305,Cytorhabdovirus,1,0.2288
32613,Ephemerovirus,1,0.2288
2560155,Jeilongvirus,1,0.2288
2946790,Alphafusarivirus,1,0.2288
39749,Hypovirus,1,0.2288
12258,Comovirus,1,0.2288
675073,Torradovirus,1,0.2288
186886,Pomovirus,1,0.2288
2560252,Wamavirus,1,0.2288
1922353,Beihai astro-like virus,1,0.2288
1985329,Moonvirus,1,0.2288
2843406,Kungbxnavirus,1,0.2288
498374,Candidatus Nitrosocaldus,1,0.2288
12300,Bromovirus,1,0.2288
1335638,Preplasmiviricota sp. Gezel-14T,1,0.2288
2843442,Radostvirus,1,0.2288
934799,Taupapillomavirus,1,0.2288
2961256,unclassified Straboviridae,1,0.2288
11040,Rubivirus,1,0.2288
704093,Anaerobacillus,1,0.2288
2804231,Lederbergia,1,0.2288
157226,Jeotgalibacillus,1,0.2288
2733202,Quhwahvirus,1,0.2288
2948877,Quesadillavirus,1,0.2288
2733189,Luckytenvirus,1,0.2288
1408895,Dill cryptic virus 1,1,0.2288
680287,Rosenblumvirus,1,0.2288
764562,Brochothrix phage BL3,1,0.2288
1448276,Streptococcus phage IC1,1,0.2288
2948854,Pamirivirus,1,0.2288
40121,Erythroparvovirus,1,0.2288
1076625,Candidatus Steffania,1,0.2288
2303528,Thermoleptolyngbya,1,0.2288
2953860,Candidatus Arcticimaribacter,1,0.2288
200414,Caldisphaera,1,0.2288
2490204,Candidatus Mancarchaeum,1,0.2288
1027232,Groundnut ringspot and Tomato chlorotic spot virus reassortant,1,0.2288
2843144,Xinspivirus,1,0.2288
2973795,Chalcocoris rutilans mononega-like virus 2,1,0.2288
348449,Raphanus sativus cryptic virus 1,1,0.2288
2219049,Husavirus,1,0.2288
3044782,Orthoflavivirus,1,0.2288
2029293,Squirrelpox virus Berlin_2015,1,0.2288
10260,Avipoxvirus,1,0.2288
2733297,Oryzopoxvirus,1,0.2288
1911439,Corey virus,1,0.2288
1736634,Torulaspora delbrueckii dsRNA Mbarr-1 killer virus,1,0.2288
2732969,Baoshanvirus,1,0.2288
1560342,Acinetobacter phage YMC13/03/R2096,1,0.2288
2560202,Phimunavirus,1,0.2288
2054179,Rhinolophus gammaherpesvirus 1,1,0.2288
548687,Macavirus,1,0.2288
936057,Rhopapillomavirus,1,0.2288
2175117,Rhynchobatus djiddensis adomavirus 1,1,0.2288
6038,Vairimorpha,1,0.2288
1513230,Aurivirus,1,0.2288
59753,Alcanivorax,1,0.2288
2881427,Parasynechococcus,1,0.2288
75905,Thermocrinis,1,0.2288
475087,Methanosphaerula,1,0.2288
2319,Methanopyrus,1,0.2288
114416,Lactococcus phage ul36,1,0.2288
35241,Lactococcus phage Tuc2009,1,0.2288
1871690,Lactococcus phage 98201,1,0.2288
2419643,Streptococcus phage SW22,1,0.2288
2948796,Laminvirus,1,0.2288
2948738,Hagravirus,1,0.2288
2733097,Brigitvirus,1,0.2288
2733140,Wellingtonvirus,1,0.2288
2560165,Lacusarxvirus,1,0.2288
2843365,Chopinvirus,1,0.2288
2943008,Gwanakrovirus,1,0.2288
2948712,Foxunavirus,1,0.2288
2843449,Sandinevirus,1,0.2288
1610872,Staphylococcus phage IME-SA4,1,0.2288
2781608,Synechococcus phage S-SRM01,1,0.2288
2733147,Ryyoungvirus,1,0.2288
2932867,Serratia phage vB_SmaM-Otaku,1,0.2288
12174,Capillovirus,1,0.2288
1923255,Hubei tombus-like virus 1,1,0.2288
1911605,Betapleolipovirus,1,0.2288
2732061,Christensenvirus,1,0.2288
1920866,Rogunavirus,1,0.2288
2732051,Vilniusvirus,1,0.2288
2560148,Iapetusvirus,1,0.2288
2948772,Jujuvirus,1,0.2288
69655,Sulfurisphaera,1,0.2288
12051,Marafivirus,1,0.2288
1041883,Big Sioux River virus,1,0.2288
759124,Bhendi yellow vein mosaic alphasatellite,1,0.2288
2069320,Capsicum annuum amalgavirus 1,1,0.2288
2731671,Pettyvirus,1,0.2288
12160,Closterovirus,1,0.2288
2560135,Galunavirus,1,0.2288
2733193,Maxrubnervirus,1,0.2288
1921122,Nonanavirus,1,0.2288
2560239,Tijeunavirus,1,0.2288
1982880,Likavirus,1,0.2288
2794998,Maridesulfovibrio,1,0.2288
925984,Erwinia phage phiEt88,1,0.2288
2686311,Sphingomonas phage Eidolon,1,0.2288
1357714,Caulobacter phage Cr30,1,0.2288
2560124,Efquatrovirus,1,0.2288
2560132,Fipvunavirus,1,0.2288
1983734,Fishburnevirus,1,0.2288
2169658,Wizardvirus,1,0.2288
1985365,Gemyduguivirus,1,0.2288
2948952,Whopevirus,1,0.2288
2894788,Bacillus phage vB_BanS_Nate,1,0.2288
2732970,Harbinvirus,1,0.2288
77521,Haemoproteus,1,0.2288
646413,Streptococcus phage 5093,1,0.2288
2733133,Tamkungvirus,1,0.2288
2560087,Alphachrysovirus,1,0.2288
2664261,Leptodesmis,1,0.2288
2733222,Zetavirus,1,0.2288
